,Portfolio-Value-diff,Summe Einzel-Tages-PnL,Abweichung
2019-12-02,0.0,0.0,0.0
2019-12-03,0.0,0.0,0.0
2019-12-04,0.0,0.0,0.0
2019-12-05,0.0,0.0,0.0
2019-12-06,0.0,0.0,0.0
2019-12-09,0.0,0.0,0.0
2019-12-10,0.0,0.0,0.0
2019-12-11,0.0,0.0,0.0
2019-12-12,0.0,0.0,0.0
2019-12-13,0.0,0.0,0.0
2019-12-16,0.0,0.0,0.0
2019-12-17,0.0,0.0,0.0
2019-12-18,0.0,0.0,0.0
2019-12-19,0.0,0.0,0.0
2019-12-20,0.0,0.0,0.0
2019-12-23,0.0,0.0,0.0
2019-12-24,0.0,0.0,0.0
2019-12-25,0.0,0.0,0.0
2019-12-26,0.0,0.0,0.0
2019-12-27,0.0,0.0,0.0
2019-12-30,0.0,0.0,0.0
2019-12-31,0.0,0.0,0.0
2020-01-01,99940.0,0.0,99940.0
2020-01-02,1312.240384179866,1312.2403841798675,-1.5916157281026244e-12
2020-01-03,-828.8757692265208,-828.8757692265452,2.4442670110147446e-11
2020-01-06,778.3941504448885,778.3941504449466,-5.809397407574579e-11
2020-01-07,-120.42194104543887,-120.42194104548828,4.941114184475737e-11
2020-01-08,959.2797941391473,959.2797941391798,-3.2514435588382185e-11
2020-01-09,620.0655450090708,620.0655450090633,7.503331289626658e-12
2020-01-10,-359.6471390380757,-359.6471390380801,4.433786671143025e-12
2020-01-13,1423.7640764101525,1423.7640764101327,1.978150976356119e-11
2020-01-14,-74.85242265931447,-74.8524226592927,-2.177102942368947e-11
2020-01-15,137.05668047702056,137.05668047701081,9.748646334628575e-12
2020-01-16,657.2409208897734,657.240920889766,7.389644451905042e-12
2020-01-17,263.81592336590984,263.81592336594457,-3.47313289239537e-11
2020-01-20,0.0,0.0,0.0
2020-01-21,493.66670611401787,493.6667061139815,3.637978807091713e-11
2020-01-22,163.17299904240645,163.17299904242435,-1.7905676941154525e-11
2020-01-23,343.30622380774,343.30622380773013,9.890754881780595e-12
2020-01-24,-864.8171545194637,-864.817154519436,-2.7625901566352695e-11
2020-01-27,-1837.8925067421515,-1837.892506742183,3.1604940886609256e-11
2020-01-28,1299.375389839348,1299.375389839321,2.6830093702301383e-11
2020-01-29,321.2239347625291,321.223934762584,-5.491074261954054e-11
2020-01-30,949.1757743201451,949.1757743201377,7.389644451905042e-12
2020-01-31,-1757.143797269382,-1757.1437972693686,-1.3415046851150692e-11
2020-02-03,-2117.4563329680823,1840.6714393335978,-3958.12777230168
2020-02-04,2331.736964644748,2331.736964644752,-4.092726157978177e-12
2020-02-05,133.40204356762115,133.40204356758466,3.6493474908638746e-11
2020-02-06,472.49496604833985,472.49496604833985,0.0
2020-02-07,-62.26865007093875,-62.26865007090292,-3.582556473702425e-11
2020-02-10,999.0632912828878,999.0632912828612,2.660272002685815e-11
2020-02-11,1.65571777272271,1.6557177727536754,-3.0965452424425166e-11
2020-02-12,1013.0003125276708,1013.0003125276323,3.842615114990622e-11
2020-02-13,15.68564087690902,15.68564087691146,-2.440714297335944e-12
2020-02-14,317.35113106740755,317.3511310674036,3.922195901395753e-12
2020-02-17,0.0,0.0,0.0
2020-02-18,590.1686833109707,590.1686833109868,-1.6143530956469476e-11
2020-02-19,1401.6371864510584,1401.6371864510202,3.8198777474462986e-11
2020-02-20,-731.0366135856602,-731.0366135856608,5.684341886080801e-13
2020-02-21,-1298.4180946358538,-1298.4180946357994,-5.434230843093246e-11
2020-02-24,-4581.822752683831,-4581.822752683837,6.366462912410498e-12
2020-02-25,-3269.5633563208685,-3269.563356320889,2.0463630789890885e-11
2020-02-26,39.218118222546764,39.218118222565565,-1.880096078821225e-11
2020-02-27,-4882.923231585475,-4882.923231585506,3.092281986027956e-11
2020-02-28,65.53781199734658,65.53781199738546,-3.888089850079268e-11
2020-03-02,10953.380128022516,5428.970736243725,5524.409391778791
2020-03-03,-3376.2787567007763,-3376.278756700796,1.9554136088117957e-11
2020-03-04,4656.714392025751,4656.71439202575,9.094947017729282e-13
2020-03-05,-3187.3920138496323,-3187.3920138496796,4.729372449219227e-11
2020-03-06,-1687.9371418681112,-1687.9371418680694,-4.18367562815547e-11
2020-03-09,-6978.41430739942,-6978.414307399413,-7.275957614183426e-12
2020-03-10,4771.736123726761,4771.736123726737,2.4556356947869062e-11
2020-03-11,-4105.04678216629,-4105.046782166237,-5.275069270282984e-11
2020-03-12,-8717.210375316732,-8717.210375316796,6.366462912410498e-11
2020-03-13,7956.810682931682,7956.81068293175,-6.821210263296962e-11
2020-03-16,-11261.446007375256,-11261.44600737529,3.456079866737127e-11
2020-03-17,4835.864789047948,4835.864789047936,1.1823431123048067e-11
2020-03-18,-4147.8424217625,-4147.842421762457,-4.274625098332763e-11
2020-03-19,1169.1206873668125,1169.120687366801,1.1596057447604835e-11
2020-03-20,-3441.4831511473167,-3441.483151147332,1.546140993013978e-11
2020-03-23,-1691.1754427651758,-1691.1754427651724,-3.410605131648481e-12
2020-03-24,6652.797365832463,6652.797365832464,-9.094947017729282e-13
2020-03-25,650.2560603283055,650.2560603282972,8.29913915367797e-12
2020-03-26,4815.393158813007,4815.393158813036,-2.9103830456733704e-11
2020-03-27,-2930.287139170803,-2930.2871391708136,1.0459189070388675e-11
2020-03-30,3142.6026275279582,3142.6026275279373,2.091837814077735e-11
2020-03-31,-714.6773400349193,-714.6773400349402,2.091837814077735e-11
2020-04-01,4158.092003857979,-3920.8322518545524,8078.924255712531
2020-04-02,2428.2353682613757,2428.235368261361,1.4551915228366852e-11
2020-04-03,-1516.8993544274417,-1516.8993544274279,-1.3869794202037156e-11
2020-04-06,6196.139313872583,6196.1393138725825,9.094947017729282e-13
2020-04-07,-329.8972521763062,-329.8972521763262,2.000888343900442e-11
2020-04-08,3135.2847844529897,3135.284784452977,1.2732925824820995e-11
2020-04-09,234.37263474339852,234.37263474341356,-1.503508428868372e-11
2020-04-10,0.0,0.0,0.0
2020-04-13,1041.1373205596465,1041.1373205596462,2.2737367544323206e-13
2020-04-14,3843.9528571750852,3843.952857175128,-4.274625098332763e-11
2020-04-15,-998.5497017323505,-998.5497017323779,2.7398527890909463e-11
2020-04-16,1081.2764330091013,1081.2764330090904,1.0913936421275139e-11
2020-04-17,1814.1595254614367,1814.159525461444,-7.275957614183426e-12
2020-04-20,-1703.9571326875594,-1703.9571326875553,-4.092726157978177e-12
2020-04-21,-3624.987533564883,-3624.9875335649017,1.864464138634503e-11
2020-04-22,3018.4620571837295,3018.462057183714,1.546140993013978e-11
2020-04-23,367.5767395394505,367.57673953947864,-2.8137492336099967e-11
2020-04-24,1436.1458683382953,1436.1458683382975,-2.2737367544323206e-12
2020-04-27,1163.7298379684216,1163.7298379684423,-2.0691004465334117e-11
2020-04-28,-1835.9172120427247,-1835.9172120427497,2.5011104298755527e-11
2020-04-29,3393.917166632862,3393.9171666328702,-8.185452315956354e-12
2020-04-30,-163.42733955543372,-163.42733955541908,-1.4637180356658064e-11
2020-05-01,-17911.49250836583,-2771.5703792087133,-15139.922129157118
2020-05-04,1077.0813625212759,1077.0813625212782,-2.2737367544323206e-12
2020-05-05,1015.3120287577913,1015.3120287577764,1.48929757415317e-11
2020-05-06,-107.28968277736567,-107.28968277736229,-3.382183422218077e-12
2020-05-07,416.95344561964157,416.95344561963384,7.73070496506989e-12
2020-05-08,1510.7537128124968,1510.75371281253,-3.319655661471188e-11
2020-05-11,654.9460015285877,654.9460015285854,2.2737367544323206e-12
2020-05-12,-1619.2361056844238,-1619.2361056844102,-1.3642420526593924e-11
2020-05-13,-1391.9041871298105,-1391.9041871298432,3.2741809263825417e-11
2020-05-14,1279.5747004672885,1279.5747004673233,-3.4788172342814505e-11
2020-05-15,702.1823316164082,702.1823316163515,5.67297320230864e-11
2020-05-18,2153.4446224090643,2153.444622409105,-4.0472514228895307e-11
2020-05-19,-688.4248397218762,-688.4248397218984,2.2168933355715126e-11
2020-05-20,1470.2767987117695,1470.2767987117697,-2.2737367544323206e-13
2020-05-21,-878.2020987764408,-878.202098776457,1.6143530956469476e-11
2020-05-22,98.47154691291507,98.4715469129574,-4.231992534187157e-11
2020-05-25,0.0,0.0,0.0
2020-05-26,323.2557201948366,323.2557201948222,1.4438228390645236e-11
2020-05-27,506.2582275858149,506.2582275857866,2.830802259268239e-11
2020-05-28,-155.21705743460916,-155.21705743458145,-2.7711166694643907e-11
2020-05-29,1065.6869199823122,1065.6869199823152,-2.9558577807620168e-12
2020-06-01,-4097.007789136493,645.3452792504762,-4742.3530683869685
2020-06-02,588.8379667054105,588.8379667053731,3.7402969610411674e-11
2020-06-03,741.7042090726609,741.7042090726884,-2.751221472863108e-11
2020-06-04,-749.1470069520874,-749.1470069520977,1.0345502232667059e-11
2020-06-05,2510.1793312541267,2510.1793312541336,-6.821210263296962e-12
2020-06-08,744.9575300739089,744.9575300739461,-3.728928277269006e-11
2020-06-09,319.8540054516343,319.8540054516038,3.0468072509393096e-11
2020-06-10,680.0009050823865,680.0009050823704,1.602984411874786e-11
2020-06-11,-5598.52815978165,-5598.528159781612,-3.8198777474462986e-11
2020-06-12,586.8018078343885,586.8018078343663,2.2168933355715126e-11
2020-06-15,921.8443134661647,921.8443134661574,7.389644451905042e-12
2020-06-16,2202.6761192328413,2202.676119232847,-5.9117155615240335e-12
2020-06-17,-116.89578332711244,-116.89578332711446,2.0179413695586845e-12
2020-06-18,316.7688402115018,316.76884021151614,-1.432454155292362e-11
2020-06-19,-592.883500272932,-592.8835002729434,1.1368683772161603e-11
2020-06-22,1157.2886094805435,1157.2886094805351,8.412825991399586e-12
2020-06-23,587.9692939814413,587.9692939814396,1.7053025658242404e-12
2020-06-24,-2528.7486184274603,-2528.7486184274744,1.4097167877480388e-11
2020-06-25,1585.5135998838523,1585.5135998838987,-4.638422979041934e-11
2020-06-26,-3000.5243841754855,-3000.5243841754955,1.000444171950221e-11
2020-06-29,1336.972108560556,1336.972108560543,1.318767317570746e-11
2020-06-30,1955.115523899789,1955.1155238997646,2.432898327242583e-11
2020-07-01,-3292.5604655195784,1082.5415249853436,-4375.101990504922
2020-07-02,659.0810858778714,659.081085877908,-3.660716174636036e-11
2020-07-03,0.0,0.0,0.0
2020-07-06,2654.8480864027515,2654.848086402721,3.0468072509393096e-11
2020-07-07,-690.2299856887548,-690.2299856887124,-4.240519047016278e-11
2020-07-08,973.1769756798167,973.1769756797789,3.774403012357652e-11
2020-07-09,-18.8765294359182,-18.876529435919224,1.0231815394945443e-12
2020-07-10,1670.9895314104506,1670.9895314104767,-2.6147972675971687e-11
2020-07-13,-1279.487297328189,-1279.4872973282108,2.1827872842550278e-11
2020-07-14,1522.4116013323655,1522.4116013323396,2.5920599000528455e-11
2020-07-15,293.5414370733197,293.54143707334185,-2.2168933355715126e-11
2020-07-16,-575.8896577747946,-575.8896577748015,6.934897101018578e-12
2020-07-17,-382.1014113013807,-382.10141130136975,-1.0970779840135947e-11
2020-07-20,1970.559412011702,1970.5594120117094,-7.275957614183426e-12
2020-07-21,-816.590597187489,-816.5905971874881,-9.094947017729282e-13
2020-07-22,257.72964151445194,257.7296415144264,2.55226950685028e-11
2020-07-23,-1963.8298899384972,-1963.8298899384658,-3.1377567211166024e-11
2020-07-24,-864.8358359744016,-864.8358359744356,3.399236447876319e-11
2020-07-27,1379.1278397084097,1379.1278397084404,-3.069544618483633e-11
2020-07-28,-866.5812764611328,-866.5812764611549,2.205524651799351e-11
2020-07-29,988.8642474463559,988.8642474463832,-2.7284841053187847e-11
2020-07-30,-522.4385233413195,-522.4385233413036,-1.5916157281026244e-11
2020-07-31,593.005183431902,593.0051834318734,2.8535396268125623e-11
2020-08-03,-4903.33809839029,1241.6774640525866,-6145.015562442876
2020-08-04,715.8289015696209,715.8289015696394,-1.8417267710901797e-11
2020-08-05,707.8297407472273,707.8297407472478,-2.0463630789890885e-11
2020-08-06,855.7585306496476,855.7585306496214,2.6147972675971687e-11
2020-08-07,-462.12311479836353,-462.1231147983755,1.1993961379630491e-11
2020-08-10,-203.55304466132657,-203.55304466131003,-1.6541434888495132e-11
2020-08-11,-1062.9658667638432,-1062.9658667638348,-8.412825991399586e-12
2020-08-12,2189.9920598967,2189.9920598967024,-2.2737367544323206e-12
2020-08-13,-64.52493893064093,-64.52493893066041,1.9483081814541947e-11
2020-08-14,106.23926183601725,106.23926183603022,-1.297451035497943e-11
2020-08-17,1130.4098503697605,1130.4098503697123,4.8203219193965197e-11
2020-08-18,636.0409630918584,636.0409630918971,-3.865352482534945e-11
2020-08-19,-344.4944256184681,-344.4944256184978,2.972910806420259e-11
2020-08-20,1051.2590163276764,1051.2590163277116,-3.524291969370097e-11
2020-08-21,612.7520074710192,612.7520074710177,1.4779288903810084e-12
2020-08-24,656.9951848798955,656.9951848798986,-3.069544618483633e-12
2020-08-25,488.87630315643037,488.87630315642764,2.7284841053187847e-12
2020-08-26,1914.776730991318,1914.77673099133,-1.2050804798491299e-11
2020-08-27,114.02419133618241,114.0241913361271,5.53086465515662e-11
2020-08-28,837.1866879010922,837.186687901135,-4.274625098332763e-11
2020-08-31,914.86258278694,914.8625827869162,2.3874235921539366e-11
2020-09-01,-11598.421243837569,518.4268424537539,-12116.848086291322
2020-09-02,1244.7462257224252,1244.7462257224133,1.1823431123048067e-11
2020-09-03,-3984.1948208230606,-3984.194820823051,-9.549694368615746e-12
2020-09-04,-614.7680811816535,-614.7680811816263,-2.7284841053187847e-11
2020-09-07,0.0,0.0,0.0
2020-09-08,-3483.860902406159,-3483.860902406172,1.318767317570746e-11
2020-09-09,2178.021135188348,2178.021135188346,2.2737367544323206e-12
2020-09-10,-1921.3305081700964,-1921.3305081700548,-4.160938260611147e-11
2020-09-11,-135.42923200319638,-135.42923200322218,2.580691216280684e-11
2020-09-14,1405.7984227378038,1405.798422737828,-2.432898327242583e-11
2020-09-15,799.4839940026286,799.4839940025887,3.9904080040287226e-11
2020-09-16,-751.3447657354409,-751.344765735429,-1.1937117960769683e-11
2020-09-17,-1009.0554482294829,-1009.0554482294725,-1.0345502232667059e-11
2020-09-18,-478.3649411991646,-478.36494119916466,5.684341886080802e-14
2020-09-21,-701.400986936962,-701.4009869369548,-7.16227077646181e-12
2020-09-22,567.3787778932892,567.37877789328,9.208633855450898e-12
2020-09-23,-2492.3564874629083,-2492.356487462923,1.4551915228366852e-11
2020-09-24,368.7920283236308,368.7920283236488,-1.801936377887614e-11
2020-09-25,1478.6506037662912,1478.6506037662834,7.73070496506989e-12
2020-09-28,1377.5730108208663,1377.5730108208782,-1.1823431123048067e-11
2020-09-29,-334.45274448476266,-334.4527444847824,1.972466634470038e-11
2020-09-30,943.8396416385658,943.8396416385859,-2.0122570276726037e-11
2020-10-01,5778.791202934197,834.9429668489406,4943.848236085256
2020-10-02,-1968.5515677973453,-1968.5515677973272,-1.8189894035458565e-11
2020-10-05,1912.6833849578397,1912.683384957793,4.6838977141305804e-11
2020-10-06,-1541.8576217612135,-1541.8576217611653,-4.8203219193965197e-11
2020-10-07,1732.5432991271373,1732.543299127083,5.434230843093246e-11
2020-10-08,906.2344263794366,906.2344263794583,-2.1714186004828662e-11
2020-10-09,1157.0953775072703,1157.095377507287,-1.659827830735594e-11
2020-10-12,1673.8807159782154,1673.880715978205,1.0459189070388675e-11
2020-10-13,-507.3557634282042,-507.3557634281854,-1.8815171642927453e-11
2020-10-14,-818.8847273177817,-818.8847273177894,7.73070496506989e-12
2020-10-15,-515.180619902123,-515.1806199021585,3.54702933691442e-11
2020-10-16,-227.7696702736721,-227.76967027363588,-3.6209257814334705e-11
2020-10-19,-1900.2786379144527,-1900.278637914439,-1.3642420526593924e-11
2020-10-20,386.52237061818596,386.52237061818755,-1.5916157281026244e-12
2020-10-21,-457.8336176505545,-457.8336176505856,3.1093350116861984e-11
2020-10-22,492.87647449210635,492.8764744921017,4.661160346586257e-12
2020-10-23,348.41168170954916,348.41168170954677,2.3874235921539366e-12
2020-10-26,-1700.062727630575,-1700.0627276305377,-3.728928277269006e-11
2020-10-27,-163.65034302682034,-163.65034302682972,9.379164112033322e-12
2020-10-28,-3832.3619452742278,-3832.361945274266,3.8198777474462986e-11
2020-10-29,1516.3360846043215,1516.3360846043397,-1.8189894035458565e-11
2020-10-30,-1604.0116873419029,-1604.0116873419008,-2.0463630789890885e-12
2020-11-02,5450.0447158401075,1253.7725687442241,4196.272147095883
2020-11-03,1559.8857437960978,1559.8857437961121,-1.432454155292362e-11
2020-11-04,3846.2624378019536,3846.2624378019364,1.7280399333685637e-11
2020-11-05,1977.6940419876773,1977.6940419876908,-1.3415046851150692e-11
2020-11-06,-257.05160290846834,-257.0516029084875,1.91562321560923e-11
2020-11-09,592.9509046112653,592.9509046112958,-3.0468072509393096e-11
2020-11-10,-508.7063777723233,-508.7063777723314,8.071765478234738e-12
2020-11-11,968.6062534302473,968.6062534302512,-3.865352482534945e-12
2020-11-12,-891.9149702010618,-891.9149702010848,2.2964741219766438e-11
2020-11-13,830.4950409891608,830.495040989142,1.8758328224066645e-11
2020-11-16,839.210478875495,839.2104788755569,-6.184563972055912e-11
2020-11-17,124.61635354376631,124.61635354373522,3.1093350116861984e-11
2020-11-18,-494.03394700126955,-494.0339470012676,-1.9326762412674725e-12
2020-11-19,452.18283681658795,452.18283681657874,9.208633855450898e-12
2020-11-20,-940.290405745327,-940.290405745329,2.0463630789890885e-12
2020-11-23,920.2156965275062,920.2156965274967,9.549694368615746e-12
2020-11-24,2156.440783425409,2156.4407834254616,-5.275069270282984e-11
2020-11-25,245.3164939073613,245.31649390733094,3.035438567167148e-11
2020-11-26,0.0,0.0,0.0
2020-11-27,503.08243700279854,503.08243700279303,5.5138116294983774e-12
2020-11-30,-809.459878050664,-809.4598780506906,2.660272002685815e-11
2020-12-01,-11250.510539122391,1198.7643506580353,-12449.274889780427
2020-12-02,324.581586760818,324.5815867608517,-3.3651303965598345e-11
2020-12-03,-386.46807767782593,-386.4680776778184,-7.503331289626658e-12
2020-12-04,986.765120333992,986.7651203340117,-1.978150976356119e-11
2020-12-07,434.20549755106913,434.20549755101865,5.047695594839752e-11
2020-12-08,482.7355660915491,482.73556609157475,-2.5636381906224415e-11
2020-12-09,-1221.2208040005644,-1221.2208040005958,3.1377567211166024e-11
2020-12-10,88.00039529165952,88.00039529168936,-2.984279490192421e-11
2020-12-11,-364.4034768536221,-364.403476853663,4.087041816092096e-11
2020-12-14,34.88098518032348,34.88098518034093,-1.745092959026806e-11
2020-12-15,977.3308773577446,977.3308773577427,1.9326762412674725e-12
2020-12-16,449.3824977047916,449.38249770483105,-3.944933268940076e-11
2020-12-17,765.118946203118,765.1189462030798,3.8198777474462986e-11
2020-12-18,82.29377136632684,82.29377136635401,-2.717115421546623e-11
2020-12-21,-720.1276082600525,-720.1276082600677,1.5234036254696548e-11
2020-12-22,-551.3749306608224,-551.3749306608081,-1.432454155292362e-11
2020-12-23,-184.88878418898094,-184.88878418900063,1.9696244635269977e-11
2020-12-24,642.1713391506055,642.1713391505856,1.9895196601282805e-11
2020-12-25,0.0,0.0,0.0
2020-12-28,1281.8371958272182,1281.8371958272094,8.86757334228605e-12
2020-12-29,186.02806469908683,186.02806469910377,-1.693933882052079e-11
2020-12-30,380.9296417775913,380.9296417775913,0.0
2020-12-31,722.1357492193638,722.1357492193665,-2.7284841053187847e-12
2021-01-01,-5688.677903531439,0.0,-5688.677903531439
2021-01-04,-1015.0438059703447,-1015.0438059703562,1.1482370609883219e-11
2021-01-05,472.8679429870681,472.86794298707605,-7.958078640513122e-12
2021-01-06,-461.9665007368312,-461.9665007368538,2.2566837287740782e-11
2021-01-07,2008.6167515460984,2008.6167515461448,-4.638422979041934e-11
2021-01-08,831.4801349462359,831.4801349461962,3.9676706364843994e-11
2021-01-11,-454.8205978414626,-454.82059784148964,2.7057467377744615e-11
2021-01-12,-249.68161346029956,-249.68161346025647,-4.3087311496492475e-11
2021-01-13,900.0840290403285,900.0840290403448,-1.6370904631912708e-11
2021-01-14,-871.7529861486692,-871.7529861486872,1.807620719773695e-11
2021-01-15,-826.8364107137313,-826.8364107137463,1.5006662579253316e-11
2021-01-18,0.0,0.0,0.0
2021-01-19,1259.200746384944,1259.2007463849704,-2.637534635141492e-11
2021-01-20,2250.416002402577,2250.4160024025746,2.2737367544323206e-12
2021-01-21,260.08500572424964,260.08500572424737,2.2737367544323206e-12
2021-01-22,-361.53196283912985,-361.53196283914656,1.6711965145077556e-11
2021-01-25,607.415469042724,607.4154690427587,-3.467448550509289e-11
2021-01-26,108.26379826464108,108.26379826464327,-2.1884716261411086e-12
2021-01-27,-3076.048459647136,-3076.0484596471683,3.228706191293895e-11
2021-01-28,774.2388815995655,774.2388815995741,-8.640199666842818e-12
2021-01-29,-2012.2765060486854,-2012.2765060487015,1.6143530956469476e-11
2021-02-01,1275.401157423912,1498.1110759560609,-222.70991853214878
2021-02-02,1402.3974205476989,1402.397420547697,1.8189894035458565e-12
2021-02-03,299.77772682349314,299.77772682351383,-2.0691004465334117e-11
2021-02-04,1056.0296862174873,1056.0296862174584,2.887645678129047e-11
2021-02-05,200.91345270402962,200.91345270402144,8.185452315956354e-12
2021-02-08,728.6608226850221,728.6608226850021,2.000888343900442e-11
2021-02-09,-299.13409465237055,-299.1340946523549,-1.5631940186722204e-11
2021-02-10,-18.881429056375055,-18.88142905637362,-1.4352963262354024e-12
2021-02-11,178.4687718571804,178.4687718571917,-1.1311840353300795e-11
2021-02-12,291.42609072098276,291.42609072094905,3.370814738445915e-11
2021-02-15,0.0,0.0,0.0
2021-02-16,233.58027720364043,233.58027720364723,-6.792788553866558e-12
2021-02-17,1.3769599375955295,1.3769599376121562,-1.6626700016786344e-11
2021-02-18,-387.6206137170084,-387.62061371700696,-1.4210854715202004e-12
2021-02-19,-800.588273445901,-800.5882734458899,-1.1141310096718371e-11
2021-02-22,-790.4944130552176,-790.494413055232,1.4438228390645236e-11
2021-02-23,302.7110385421838,302.71103854218256,1.2505552149377763e-12
2021-02-24,1623.042777569237,1623.0427775692299,7.048583938740194e-12
2021-02-25,-2867.937679464114,-2867.9376794640616,-5.2295945351943374e-11
2021-02-26,-228.1069874902605,-228.10698749028407,2.3561597117804922e-11
2021-03-01,-236.5712788894889,2267.1613309938575,-2503.7326098833464
2021-03-02,-1125.1899913133238,-1125.1899913133045,-1.9326762412674725e-11
2021-03-03,-1688.6845029497053,-1688.684502949717,1.1596057447604835e-11
2021-03-04,-1243.6144882661174,-1243.6144882661183,9.094947017729282e-13
2021-03-05,1703.9111699452915,1703.911169945294,-2.5011104298755527e-12
2021-03-08,-1417.1534456819063,-1417.1534456819077,1.3642420526593924e-12
2021-03-09,2390.382513355493,2390.3825133554897,3.183231456205249e-12
2021-03-10,443.15656516700983,443.15656516703365,-2.3817392502678558e-11
2021-03-11,1436.6417132961797,1436.6417132961535,2.6147972675971687e-11
2021-03-12,-233.3698148385156,-233.36981483850084,-1.475086719437968e-11
2021-03-15,-28.39547597215278,-28.395475972166082,1.3301360013429075e-11
2021-03-16,117.1505887156818,117.15058871570399,-2.2183144210430328e-11
2021-03-17,-46.69137939531356,-46.69137939534508,3.1519675758318044e-11
2021-03-18,-2132.3285992089077,-2132.3285992088818,-2.5920599000528455e-11
2021-03-19,-5.164104434661567,-5.1641044346652905,3.723243935382925e-12
2021-03-22,939.501789641683,939.5017896416822,7.958078640513122e-13
2021-03-23,-188.9266093391634,-188.92660933918,1.659827830735594e-11
2021-03-24,-900.1415059581341,-900.1415059581243,-9.777068044058979e-12
2021-03-25,71.88990226673195,71.88990226670407,2.788169695122633e-11
2021-03-26,1478.9179598687915,1478.9179598688274,-3.5925040720030665e-11
2021-03-29,351.4464091056725,351.4464091056621,1.0402345651527867e-11
2021-03-30,-705.2219630359905,-705.221963035967,-2.3533175408374518e-11
2021-03-31,820.190681244887,820.1906812448517,3.524291969370097e-11
2021-04-01,-1132.244052929571,1253.2246902778427,-2385.4687432074134
2021-04-02,0.0,0.0,0.0
2021-04-05,1411.940920116962,1411.9409201169549,7.048583938740194e-12
2021-04-06,-351.6844185218215,-351.6844185218319,1.0402345651527867e-11
2021-04-07,487.7692699485342,487.7692699485523,-1.807620719773695e-11
2021-04-08,643.9536630988296,643.9536630988217,7.844391802791506e-12
2021-04-09,664.000519388268,664.0005193882272,4.0813574742060155e-11
2021-04-12,291.9578663483844,291.9578663484361,-5.1670667744474486e-11
2021-04-13,632.8254991277063,632.8254991276696,3.672084858408198e-11
2021-04-14,-993.5436268327467,-993.5436268327323,-1.432454155292362e-11
2021-04-15,1647.9672124327044,1647.9672124326826,2.1827872842550278e-11
2021-04-16,192.93478689016774,192.93478689021754,-4.979483492206782e-11
2021-04-19,-747.7612846641568,-747.7612846641994,4.2518877307884395e-11
2021-04-20,-372.3053305297799,-372.30533052975557,-2.432898327242583e-11
2021-04-21,485.4398569901241,485.4398569901107,1.3415046851150692e-11
2021-04-22,-1336.118011563085,-1336.1180115630887,3.637978807091713e-12
2021-04-23,1182.6156468828558,1182.6156468828617,-5.9117155615240335e-12
2021-04-26,148.780548363633,148.78054836364697,-1.3983481039758772e-11
2021-04-27,-419.3402031925216,-419.3402031925448,2.319211489520967e-11
2021-04-28,204.1476196507574,204.14761965077366,-1.6257217794191092e-11
2021-04-29,920.7183653776301,920.7183653776084,2.1714186004828662e-11
2021-04-30,-652.8231844508555,-652.8231844508299,-2.5579538487363607e-11
2021-05-03,-5162.52391183094,212.17649330848232,-5374.700405139422
2021-05-04,-698.7962581219326,-698.7962581219559,2.3305801732931286e-11
2021-05-05,72.60209601680981,72.60209601680897,8.384404281969182e-13
2021-05-06,1055.3479289601673,1055.347928960191,-2.3646862246096134e-11
2021-05-07,546.1723767464864,546.1723767464786,7.844391802791506e-12
2021-05-10,-1590.2933914179157,-1590.293391417913,-2.7284841053187847e-12
2021-05-11,-648.6302818180702,-648.630281818093,2.2737367544323206e-11
2021-05-12,-1885.5468651575502,-1885.5468651575407,-9.549694368615746e-12
2021-05-13,867.580560932809,867.5805609328116,-2.6147972675971687e-12
2021-05-14,1574.2329893992865,1574.2329893992994,-1.2960299500264227e-11
2021-05-17,-121.66273877234198,-121.66273877235174,9.762857189343777e-12
2021-05-18,-757.9742212246638,-757.9742212246331,-3.069544618483633e-11
2021-05-19,-217.14601408308954,-217.1460140831016,1.2050804798491299e-11
2021-05-20,1340.2532639798883,1340.253263979868,2.0236257114447653e-11
2021-05-21,-166.33599466917804,-166.33599466914345,-3.458922037680168e-11
2021-05-24,1298.6280219371547,1298.6280219371215,3.319655661471188e-11
2021-05-25,-273.3340822937025,-273.33408229371406,1.1539214028744027e-11
2021-05-26,152.74593240694958,152.7459324069713,-2.1714186004828662e-11
2021-05-27,-196.88933810748858,-196.88933810751143,2.2851054382044822e-11
2021-05-28,52.48680753688677,52.48680753690996,-2.318500946785207e-11
2021-05-31,0.0,0.0,0.0
2021-06-01,-894.3304408549739,-198.7131552959929,-695.6172855589809
2021-06-02,348.3930437192321,348.3930437192524,-2.029310053330846e-11
2021-06-03,-418.4208784979419,-418.42087849797684,3.495870259939693e-11
2021-06-04,1093.9862322547706,1093.9862322548058,-3.524291969370097e-11
2021-06-07,355.083532881632,355.08353288157724,5.474021236295812e-11
2021-06-08,-95.1708692178363,-95.17086921780248,-3.382183422218077e-11
2021-06-09,114.67457231786102,114.67457231787958,-1.8559376258053817e-11
2021-06-10,731.6966315145255,731.6966315145038,2.1714186004828662e-11
2021-06-11,-221.35345398183563,-221.3534539818386,2.9842794901924208e-12
2021-06-14,580.2393252222973,580.2393252222903,7.048583938740194e-12
2021-06-15,-397.0703512900218,-397.0703512899921,-2.9672264645341784e-11
2021-06-16,-441.45098875576514,-441.4509887558039,3.8767211663071066e-11
2021-06-17,699.0795830162533,699.0795830162601,-6.821210263296962e-12
2021-06-18,-1117.6234672154242,-1117.6234672153898,-3.433342499192804e-11
2021-06-21,1014.3001681891619,1014.3001681891674,-5.4569682106375694e-12
2021-06-22,842.7284276073915,842.7284276073444,4.7066350816749036e-11
2021-06-23,117.9424568132963,117.94245681329498,1.3216094885137863e-12
2021-06-24,905.6604365129606,905.6604365129928,-3.2173375075217336e-11
2021-06-25,-2.712794443301391,-2.712794443323773,2.2382096176443156e-11
2021-06-28,565.6552464086562,565.6552464086672,-1.0913936421275139e-11
2021-06-29,6.366033706930466,6.366033706924213,6.252776074688882e-12
2021-06-30,-68.87665039647254,-68.87665039645745,-1.5091927707544528e-11
2021-07-01,-3953.514696573635,540.8983844967483,-4494.413081070383
2021-07-02,904.3731938980636,904.3731938980698,-6.139089236967266e-12
2021-07-05,0.0,0.0,0.0
2021-07-06,176.54577809991315,176.54577809990468,8.469669410260394e-12
2021-07-07,28.45878983818693,28.45878983817709,9.841016890277388e-12
2021-07-08,-577.4480824608472,-577.4480824608263,-2.091837814077735e-11
2021-07-09,873.068293403514,873.0682934035029,1.1027623258996755e-11
2021-07-12,597.9714031027106,597.9714031027173,-6.707523425575346e-12
2021-07-13,-31.2170256000245,-31.217025600031164,6.66489086142974e-12
2021-07-14,59.129610288568074,59.12961028855522,1.2853718089900212e-11
2021-07-15,-553.7825683928386,-553.782568392818,-2.05773176276125e-11
2021-07-16,-944.9955400614708,-944.9955400615006,2.97859514830634e-11
2021-07-19,-1285.1726279221475,-1285.1726279221352,-1.2278178473934531e-11
2021-07-20,947.7438534707471,947.7438534707774,-3.0240698833949864e-11
2021-07-21,754.8314354147296,754.8314354147254,4.206412995699793e-12
2021-07-22,222.47102165792603,222.47102165787857,4.746425474877469e-11
2021-07-23,1291.1997780875827,1291.199778087594,-1.1368683772161603e-11
2021-07-26,284.56987986023887,284.5698798602569,-1.801936377887614e-11
2021-07-27,-498.09627497399924,-498.0962749739923,-6.934897101018578e-12
2021-07-28,11.46028870617738,11.460288706184954,-7.574385563202668e-12
2021-07-29,350.08732678269735,350.0873267826851,1.2221335055073723e-11
2021-07-30,-646.7913420727127,-646.7913420727192,6.480149750132114e-12
2021-08-02,-2697.3061430111993,-112.00056738746298,-2585.3055756237363
2021-08-03,698.3850262238411,698.385026223856,-1.48929757415317e-11
2021-08-04,11.420775443693856,11.420775443712529,-1.8673063095775433e-11
2021-08-05,634.7640523336304,634.764052333637,-6.59383658785373e-12
2021-08-06,-75.01587066432694,-75.01587066434664,1.9696244635269977e-11
2021-08-09,15.644185866520274,15.644185866533356,-1.3081091765343444e-11
2021-08-10,-47.52633267996134,-47.52633267998243,2.1088908397359774e-11
2021-08-11,-321.58103776857024,-321.5810377685297,-4.0529357647756115e-11
2021-08-12,321.4330280216236,321.4330280216072,1.6427748050773516e-11
2021-08-13,231.93912907733466,231.93912907731394,2.071942617476452e-11
2021-08-16,345.84024773174315,345.8402477317404,2.7284841053187847e-12
2021-08-17,-585.3118729999987,-585.3118729999769,-2.1827872842550278e-11
2021-08-18,-1043.4098960431584,-1043.4098960431668,8.412825991399586e-12
2021-08-19,566.3090029823361,566.309002982339,-2.9558577807620168e-12
2021-08-20,816.897021794226,816.8970217942244,1.5916157281026244e-12
2021-08-23,1095.0263721361407,1095.0263721361316,9.094947017729282e-12
2021-08-24,-103.93570737843402,-103.93570737844917,1.5148771126405336e-11
2021-08-25,118.93762206833344,118.93762206835419,-2.0747847884194925e-11
2021-08-26,-534.2058550447109,-534.2058550446845,-2.637534635141492e-11
2021-08-27,908.7594143064052,908.7594143063997,5.5706550483591855e-12
2021-08-30,689.4010907587653,689.4010907587356,2.97859514830634e-11
2021-08-31,-381.1552863350371,-381.15528633504323,6.139089236967266e-12
2021-09-01,-3460.32535306146,-129.7108106185183,-3330.614542442942
2021-09-02,-44.078927214752184,-44.07892721473307,-1.9113599591946695e-11
2021-09-03,150.19274135882733,150.1927413588407,-1.3358203432289883e-11
2021-09-06,0.0,0.0,0.0
2021-09-07,77.58784339693375,77.58784339690338,3.036859652638668e-11
2021-09-08,-31.481708518025698,-31.48170851801305,-1.2647660696529783e-11
2021-09-09,-820.5124062749092,-820.5124062749195,1.0345502232667059e-11
2021-09-10,-690.8876749092306,-690.8876749092403,9.777068044058979e-12
2021-09-13,277.9003861240344,277.90038612406914,-3.47313289239537e-11
2021-09-14,-523.1043546682049,-523.1043546682197,1.4779288903810084e-11
2021-09-15,777.8689053239359,777.8689053239123,2.3646862246096134e-11
2021-09-16,-123.73580315761501,-123.735803157599,-1.6015633264032658e-11
2021-09-17,-694.7937919080723,-694.7937919080802,7.844391802791506e-12
2021-09-20,-1831.6479893544456,-1831.6479893544195,-2.6147972675971687e-11
2021-09-21,59.34269402499194,59.34269402496058,3.136335635645082e-11
2021-09-22,820.3503162727284,820.3503162727401,-1.1709744285326451e-11
2021-09-23,1192.8168325611332,1192.8168325611578,-2.4556356947869062e-11
2021-09-24,511.2998318913451,511.29983189130917,3.5925040720030665e-11
2021-09-27,-199.98593978682766,-199.98593978679875,-2.8904878490720876e-11
2021-09-28,-1853.6520430941018,-1853.6520430940764,-2.546585164964199e-11
2021-09-29,492.58582920979825,492.5858292097788,1.944044925039634e-11
2021-09-30,-792.7859429709788,-792.7859429709755,-3.296918293926865e-12
2021-10-01,4349.187561683473,1052.7555493715147,3296.4320123119587
2021-10-04,-1794.35275329469,-1794.352753294671,-1.9099388737231493e-11
2021-10-05,1364.2920209356816,1364.292020935669,1.2732925824820995e-11
2021-10-06,507.9462512451573,507.9462512451622,-4.888534022029489e-12
2021-10-07,988.2757548392983,988.2757548393218,-2.3533175408374518e-11
2021-10-08,79.63485705110361,79.63485705107598,2.7625901566352695e-11
2021-10-11,-776.8092779202561,-776.809277920246,-1.0118128557223827e-11
2021-10-12,-587.5029512917972,-587.5029512917997,2.5011104298755527e-12
2021-10-13,166.98076068944647,166.9807606894254,2.106048668792937e-11
2021-10-14,1521.745747883484,1521.745747883495,-1.0913936421275139e-11
2021-10-15,1074.8878097058623,1074.8878097058946,-3.228706191293895e-11
2021-10-18,598.241871471575,598.2418714715408,3.4219738154206425e-11
2021-10-19,712.7053800919093,712.7053800919483,-3.89945853385143e-11
2021-10-20,39.020807216264075,39.02080721622401,4.006750486951205e-11
2021-10-21,586.3546306007192,586.3546306007447,-2.546585164964199e-11
2021-10-22,79.26504752557958,79.26504752557656,3.0127011996228248e-12
2021-10-25,1268.7145230282622,1268.7145230282347,2.751221472863108e-11
2021-10-26,757.9564910472254,757.9564910472562,-3.0809133022557944e-11
2021-10-27,-712.1467899759009,-712.1467899759016,6.821210263296962e-13
2021-10-28,938.1921804287122,938.1921804286873,2.489741746103391e-11
2021-10-29,1012.4521896576916,1012.4521896577016,-1.000444171950221e-11
2021-11-01,-8887.403257512371,71.20684279447049,-8958.610100306842
2021-11-02,331.0691039962985,331.0691039963355,-3.700506567838602e-11
2021-11-03,902.7424975463073,902.7424975463126,-5.343281372915953e-12
2021-11-04,1135.49820189178,1135.4982018917697,1.0231815394945443e-11
2021-11-05,323.43210308402195,323.43210308404616,-2.4215296434704214e-11
2021-11-08,-117.42665549673256,-117.42665549676148,2.8919089345436078e-11
2021-11-09,-744.3431468256458,-744.3431468256608,1.5006662579253316e-11
2021-11-10,-533.1594636424561,-533.1594636424511,-5.002220859751105e-12
2021-11-11,73.33446544408798,73.33446544406861,1.936939497682033e-11
2021-11-12,856.1726887313416,856.1726887313677,-2.603428583825007e-11
2021-11-15,-166.4825977392611,-166.4825977392669,5.7980287238024175e-12
2021-11-16,463.5856558038504,463.58565580388057,-3.0183855415089056e-11
2021-11-17,-320.2067563494784,-320.2067563494884,1.000444171950221e-11
2021-11-18,587.9851659988635,587.9851659988392,2.432898327242583e-11
2021-11-19,-70.25194714040845,-70.25194714039927,-9.180212146020494e-12
2021-11-22,-941.7259055172617,-941.7259055173033,4.160938260611147e-11
2021-11-23,542.2757367111626,542.27573671121,-4.7407411329913884e-11
2021-11-24,634.3726863785414,634.3726863785204,2.1032064978498966e-11
2021-11-25,0.0,0.0,0.0
2021-11-26,-2195.68563895041,-2195.6856389503923,-1.77351466845721e-11
2021-11-29,1386.1721083651646,1386.1721083651917,-2.7057467377744615e-11
2021-11-30,-1878.633139312995,-1878.6331393130504,5.547917680814862e-11
2021-12-01,-1552.622366516036,-1132.6903607447978,-419.9320057712382
2021-12-02,764.672756689135,764.6727566891379,-2.9558577807620168e-12
2021-12-03,-791.5946011220221,-791.5946011219952,-2.6943780540023e-11
2021-12-06,1429.1812791098491,1429.1812791098803,-3.115019353572279e-11
2021-12-07,2063.1996114258363,2063.1996114258063,3.001332515850663e-11
2021-12-08,265.1689461779024,265.1689461779061,-3.694822225952521e-12
2021-12-09,-530.6544324239949,-530.6544324239845,-1.0345502232667059e-11
2021-12-10,1423.1060806331225,1423.106080633106,1.6370904631912708e-11
2021-12-13,-897.239863776922,-897.239863776926,3.979039320256561e-12
2021-12-14,-365.30281457770616,-365.30281457768695,-1.921307557495311e-11
2021-12-15,2372.9409258173255,2372.940925817315,1.0459189070388675e-11
2021-12-16,-976.6742550120689,-976.6742550121,3.115019353572279e-11
2021-12-17,-1276.9640442129457,-1276.9640442129444,-1.3642420526593924e-12
2021-12-20,-881.9559620822547,-881.9559620822512,-3.524291969370097e-12
2021-12-21,1577.0132158745546,1577.0132158745632,-8.640199666842818e-12
2021-12-22,1304.0519865214592,1304.0519865214608,-1.5916157281026244e-12
2021-12-23,775.2339233736275,775.2339233736211,6.366462912410498e-12
2021-12-24,0.0,0.0,0.0
2021-12-27,1390.1672757252527,1390.1672757252777,-2.5011104298755527e-11
2021-12-28,-141.37341996413306,-141.37341996412349,-9.57811607804615e-12
2021-12-29,102.016885997582,102.01688599753717,4.482103577174712e-11
2021-12-30,-378.5683578562748,-378.5683578562353,-3.950617610826157e-11
2021-12-31,-534.4301327702997,-534.4301327703176,1.7962520360015333e-11
2022-01-03,-4161.228063577524,1478.076579224729,-5639.3046428022535
2022-01-04,-283.60050194873475,-283.6005019487472,1.2448708730516955e-11
2022-01-05,-2075.0831698108814,-2075.083169810906,2.4556356947869062e-11
2022-01-06,-332.2624915590277,-332.2624915589487,-7.901235221652314e-11
2022-01-07,-652.0181457567378,-652.0181457567575,1.9667822925839573e-11
2022-01-10,-199.04158440924948,-199.04158440929245,4.297362465877086e-11
2022-01-11,809.1835303857224,809.1835303857305,-8.071765478234738e-12
2022-01-12,306.0584538457042,306.05845384571853,-1.432454155292362e-11
2022-01-13,-1989.6612860989117,-1989.6612860988837,-2.7966962079517543e-11
2022-01-14,185.6091939371836,185.60919393715895,2.4641622076160274e-11
2022-01-17,0.0,0.0,0.0
2022-01-18,-1608.285350464197,-1608.2853504641932,-3.865352482534945e-12
2022-01-19,-720.1131916932354,-720.113191693233,-2.3874235921539366e-12
2022-01-20,-915.3827522312931,-915.3827522313042,1.1027623258996755e-11
2022-01-21,-2741.9426974676026,-2741.942697467603,4.547473508864641e-13
2022-01-24,-162.96861391109996,-162.9686139110947,-5.258016244624741e-12
2022-01-25,-937.137398105464,-937.1373981054551,-8.86757334228605e-12
2022-01-26,610.8630784954294,610.863078495381,4.831690603168681e-11
2022-01-27,-271.0757428603247,-271.0757428603056,-1.9099388737231493e-11
2022-01-28,2668.1484522891114,2668.1484522890887,2.2737367544323206e-11
2022-01-31,2097.077272786555,2097.07727278658,-2.5011104298755527e-11
2022-02-01,5864.093898220977,1210.5375328686573,4653.55636535232
2022-02-02,956.5093273124949,956.5093273124982,-3.296918293926865e-12
2022-02-03,-3247.1290127531684,-3247.1290127531734,5.002220859751105e-12
2022-02-04,877.8969020552468,877.89690205524,6.707523425575346e-12
2022-02-07,-541.1926597552083,-541.1926597551741,-3.4219738154206425e-11
2022-02-08,618.6536453611334,618.6536453611019,3.149125404888764e-11
2022-02-09,1261.8479078226374,1261.8479078226353,2.0463630789890885e-12
2022-02-10,-1832.0286437264876,-1832.028643726488,4.547473508864641e-13
2022-02-11,-2022.59525389818,-2022.5952538981887,8.640199666842818e-12
2022-02-14,100.68042648141272,100.68042648140724,5.4853899200679734e-12
2022-02-15,1962.2328608571552,1962.2328608571554,-2.2737367544323206e-13
2022-02-16,30.881330503092613,30.881330503103534,-1.092104184863274e-11
2022-02-17,-2172.1848158219364,-2172.1848158219273,-9.094947017729282e-12
2022-02-18,-753.9133732295595,-753.9133732295708,1.1254996934439987e-11
2022-02-21,0.0,0.0,0.0
2022-02-22,-1054.334027495148,-1054.3340274951381,-9.777068044058979e-12
2022-02-23,-1769.649805034278,-1769.6498050342725,-5.4569682106375694e-12
2022-02-24,1498.717068328493,1498.7170683284887,4.320099833421409e-12
2022-02-25,2021.850266714202,2021.850266714187,1.5006662579253316e-11
2022-02-28,-26.205473486770643,-26.205473486769705,-9.379164112033322e-13
2022-03-01,1249.228777984972,-1550.197018911241,2799.425796896213
2022-03-02,1284.4338751148898,1284.433875114875,1.4779288903810084e-11
2022-03-03,-645.0101945271017,-645.0101945271292,2.751221472863108e-11
2022-03-04,-584.8866281225928,-584.8866281225528,-4.001776687800884e-11
2022-03-07,-2568.8403086949256,-2568.8403086949115,-1.4097167877480388e-11
2022-03-08,-585.5030959910364,-585.5030959910706,3.4219738154206425e-11
2022-03-09,2501.143078321533,2501.1430783215546,-2.1827872842550278e-11
2022-03-10,-256.98547068203334,-256.98547068204743,1.4097167877480388e-11
2022-03-11,-1504.3580141342827,-1504.358014134279,-3.637978807091713e-12
2022-03-14,-628.3655932838446,-628.3655932838399,-4.774847184307873e-12
2022-03-15,2500.1995069494587,2500.1995069494524,6.366462912410498e-12
2022-03-16,2162.525855469925,2162.525855469904,2.091837814077735e-11
2022-03-17,1582.1084079552093,1582.108407955236,-2.6830093702301383e-11
2022-03-18,1509.7318059219979,1509.7318059219563,4.160938260611147e-11
2022-03-21,190.85480693590944,190.85480693598055,-7.111111699487083e-11
2022-03-22,1216.679519508587,1216.6795195085615,2.546585164964199e-11
2022-03-23,-1001.4399702720111,-1001.4399702720227,1.1596057447604835e-11
2022-03-24,1884.3919230415486,1884.3919230415197,2.887645678129047e-11
2022-03-25,408.1919846041128,408.19198460419415,-8.134293238981627e-11
2022-03-28,1097.9857518628123,1097.9857518627496,6.275513442233205e-11
2022-03-29,1072.5972962176602,1072.5972962176836,-2.3419488570652902e-11
2022-03-30,-463.8661911468371,-463.8661911468637,2.660272002685815e-11
2022-03-31,-1575.9268222622632,-1575.9268222622536,-9.549694368615746e-12
2022-04-01,-5688.878583987738,436.5859198877319,-6125.46450387547
2022-04-04,1199.2514078779786,1199.251407877971,7.73070496506989e-12
2022-04-05,-1264.8778470702819,-1264.8778470702816,-2.2737367544323206e-13
2022-04-06,-995.6277536076959,-995.6277536077067,1.0800249583553523e-11
2022-04-07,377.3595659051498,377.35956590516463,-1.4836132322670892e-11
2022-04-08,-368.6942136940197,-368.6942136940205,7.958078640513122e-13
2022-04-11,-2131.794796854694,-2131.7947968546723,-2.1827872842550278e-11
2022-04-12,-386.2158226274187,-386.2158226274346,1.5916157281026244e-11
2022-04-13,681.8782514620398,681.8782514620244,1.5347723092418164e-11
2022-04-14,-1188.2492408238177,-1188.249240823807,-1.0686562745831907e-11
2022-04-15,0.0,0.0,0.0
2022-04-18,146.99390938910074,146.99390938906936,3.1377567211166024e-11
2022-04-19,1419.9444240073499,1419.9444240073638,-1.3869794202037156e-11
2022-04-20,-2178.1084617065208,-2178.1084617064857,-3.501554601825774e-11
2022-04-21,-1351.0780727709935,-1351.0780727709996,6.139089236967266e-12
2022-04-22,-2303.9977090712637,-2303.997709071297,3.319655661471188e-11
2022-04-25,601.904034487321,601.9040344873364,-1.5347723092418164e-11
2022-04-26,-2927.0341489839484,-2927.0341489839584,1.000444171950221e-11
2022-04-27,297.4343659633305,297.4343659633338,-3.296918293926865e-12
2022-04-28,3001.372711783566,3001.3727117835692,-3.183231456205249e-12
2022-04-29,-3550.242206880357,-3550.2422068803326,-2.4556356947869062e-11
2022-05-02,11513.638557872095,1110.4428745446548,10403.19568332744
2022-05-03,222.5655240736669,222.56552407364902,1.787725523172412e-11
2022-05-04,2936.909187493031,2936.909187493015,1.5916157281026244e-11
2022-05-05,-4323.801122491772,-4323.80112249172,-5.184119800105691e-11
2022-05-06,-531.2331096676935,-531.233109667708,1.4551915228366852e-11
2022-05-09,-3595.8022228868795,-3595.8022228868836,4.092726157978177e-12
2022-05-10,679.2783833219146,679.2783833219137,9.094947017729282e-13
2022-05-11,-1933.4460627429653,-1933.446062742983,1.77351466845721e-11
2022-05-12,-152.31414657068672,-152.31414657067828,-8.44124770082999e-12
2022-05-13,2615.180727230676,2615.1807272306555,2.0463630789890885e-11
2022-05-16,-335.0668739678804,-335.06687396785264,-2.773958840407431e-11
2022-05-17,1921.3528839292703,1921.3528839292724,-2.0463630789890885e-12
2022-05-18,-4351.379406118154,-4351.379406118154,0.0
2022-05-19,-718.0054169862997,-718.0054169863017,2.0463630789890885e-12
2022-05-20,50.93135316201369,50.93135316200349,1.0203393685515039e-11
2022-05-23,1679.9065351448953,1679.9065351449026,-7.275957614183426e-12
2022-05-24,-1293.7970416984754,-1293.7970416985038,2.8421709430404007e-11
2022-05-25,1112.0647240772087,1112.0647240772198,-1.1141310096718371e-11
2022-05-26,2103.1064121543022,2103.106412154307,-4.547473508864641e-12
2022-05-27,2503.17482938763,2503.1748293876517,-2.1827872842550278e-11
2022-05-30,0.0,0.0,0.0
2022-05-31,-421.9182439200231,-421.91824392002064,-2.4442670110147446e-12
2022-06-01,-253.9099160626647,-895.7601285942251,641.8502125315604
2022-06-02,2157.3231878842635,2157.323187884276,-1.2732925824820995e-11
2022-06-03,-2145.719168348529,-2145.719168348571,4.229150363244116e-11
2022-06-06,337.2405826715694,337.2405826715891,-1.9667822925839573e-11
2022-06-07,1069.2916331642482,1069.291633164259,-1.0913936421275139e-11
2022-06-08,-363.5319921056216,-363.5319921056366,1.5006662579253316e-11
2022-06-09,-2611.232578478346,-2611.232578478356,1.000444171950221e-11
2022-06-10,-3010.4399684902746,-3010.4399684902887,1.4097167877480388e-11
2022-06-13,-3880.11356497847,-3880.1135649784587,-1.1368683772161603e-11
2022-06-14,-261.28889657434775,-261.2888965743152,-3.257127900724299e-11
2022-06-15,1744.939349910419,1744.9393499104206,-1.5916157281026244e-12
2022-06-16,-2879.783534673217,-2879.7835346732454,2.8194335754960775e-11
2022-06-17,164.64319407081348,164.64319407082752,-1.404032445861958e-11
2022-06-20,0.0,0.0,0.0
2022-06-21,2476.8489906420873,2476.8489906420414,4.5929482439532876e-11
2022-06-22,229.40546685588197,229.40546685592375,-4.177991286269389e-11
2022-06-23,978.897274091345,978.8972740913463,-1.2505552149377763e-12
2022-06-24,3037.7156276499154,3037.7156276499195,-4.092726157978177e-12
2022-06-27,-358.1138164520671,-358.1138164520706,3.467448550509289e-12
2022-06-28,-2440.9581850974646,-2440.9581850974646,0.0
2022-06-29,124.90815257810755,124.90815257809055,1.6996182239381596e-11
2022-06-30,-1012.1478718204307,-1012.1478718204246,-6.139089236967266e-12
2022-07-01,8237.013784636336,779.1375385420054,7457.876246094331
2022-07-04,0.0,0.0,0.0
2022-07-05,879.8026976091496,879.8026976091334,1.6257217794191092e-11
2022-07-06,398.17904118678416,398.17904118674704,3.7118752516107634e-11
2022-07-07,1766.764566943486,1766.7645669434887,-2.7284841053187847e-12
2022-07-08,185.4997127239767,185.49971272400066,-2.3959501049830578e-11
2022-07-11,-1807.9620236692135,-1807.9620236692074,-6.139089236967266e-12
2022-07-12,-973.8857533039409,-973.885753303968,2.717115421546623e-11
2022-07-13,-61.58014258521143,-61.580142585172325,-3.9108272176235914e-11
2022-07-14,-27.562938819639385,-27.562938819646554,7.169376203819411e-12
2022-07-15,2393.433392210689,2393.4333922106625,2.637534635141492e-11
2022-07-18,-776.1137747460452,-776.1137747460189,-2.637534635141492e-11
2022-07-19,2704.077996824286,2704.077996824286,0.0
2022-07-20,1092.576521177165,1092.5765211771227,4.229150363244116e-11
2022-07-21,1395.1712526455522,1395.1712526455979,-4.5702108764089644e-11
2022-07-22,-1374.4783405426424,-1374.4783405426683,2.5920599000528455e-11
2022-07-25,1.0320144694996998,1.0320144695184013,-1.8701484805205837e-11
2022-07-26,-1670.4762922675,-1670.4762922674886,-1.1368683772161603e-11
2022-07-27,3176.1097914875427,3176.1097914875213,2.1373125491663814e-11
2022-07-28,822.3741942168563,822.3741942168617,-5.4569682106375694e-12
2022-07-29,1277.8635609416233,1277.8635609416124,1.0913936421275139e-11
2022-08-01,-10643.188155979937,-383.22514093553673,-10259.963015044399
2022-08-02,-644.3820067032066,-644.3820067032434,3.6834535421803594e-11
2022-08-03,1609.1479256926104,1609.1479256926707,-6.02540239924565e-11
2022-08-04,-106.11571474070661,-106.11571474071572,9.109157872444484e-12
2022-08-05,-566.3286810189893,-566.3286810189877,-1.5916157281026244e-12
2022-08-08,-264.2209638215718,-264.2209638215978,2.603428583825007e-11
2022-08-09,-680.9224805644772,-680.9224805644934,1.6257217794191092e-11
2022-08-10,2295.860906573711,2295.8609065737337,-2.2737367544323206e-11
2022-08-11,-585.4828076402773,-585.4828076402856,8.29913915367797e-12
2022-08-12,1741.0425216160947,1741.0425216161466,-5.184119800105691e-11
2022-08-15,720.9979753969528,720.997975396888,6.480149750132114e-11
2022-08-16,-48.65756695417804,-48.65756695416233,-1.5710099887655815e-11
2022-08-17,-828.3031572496984,-828.3031572496758,-2.262368070660159e-11
2022-08-18,516.4967584659462,516.4967584659597,-1.3528733688872308e-11
2022-08-19,-1376.2321182385203,-1376.2321182385365,1.6143530956469476e-11
2022-08-22,-2241.0869217139552,-2241.0869217139516,-3.637978807091713e-12
2022-08-23,-337.16858620234416,-337.1685862023696,2.546585164964199e-11
2022-08-24,288.8606634623429,288.8606634623444,-1.4779288903810084e-12
2022-08-25,1628.2096222126856,1628.2096222127136,-2.7966962079517543e-11
2022-08-26,-3598.6764459701662,-3598.6764459701685,2.2737367544323206e-12
2022-08-29,-636.4075250537135,-636.4075250537217,8.185452315956354e-12
2022-08-30,-1121.1993250598607,-1121.19932505986,-6.821210263296962e-13
2022-08-31,-677.8681822163344,-677.8681822163329,-1.4779288903810084e-12
2022-09-01,5717.390093813738,501.7288431505149,5215.661250663223
2022-09-02,-1297.973956860602,-1297.973956860577,-2.5011104298755527e-11
2022-09-05,0.0,0.0,0.0
2022-09-06,-321.90932333201636,-321.9093233320376,2.1259438653942198e-11
2022-09-07,1596.1811797018745,1596.1811797019093,-3.4788172342814505e-11
2022-09-08,653.7551441684482,653.7551441684525,-4.320099833421409e-12
2022-09-09,1754.598812388489,1754.5988123884636,2.546585164964199e-11
2022-09-12,976.6347005369607,976.6347005369519,8.86757334228605e-12
2022-09-13,-4862.633702485968,-4862.633702485969,9.094947017729282e-13
2022-09-14,739.6360792559863,739.6360792560516,-6.536993168992922e-11
2022-09-15,-537.4699050482013,-537.4699050482136,1.2278178473934531e-11
2022-09-16,-154.10773214607616,-154.10773214612294,4.6782133722444996e-11
2022-09-19,437.2868940597109,437.2868940597217,-1.0800249583553523e-11
2022-09-20,-812.4932165718055,-812.4932165718044,-1.1368683772161603e-12
2022-09-21,-1877.6644913433702,-1877.664491343358,-1.2278178473934531e-11
2022-09-22,-270.45695794784115,-270.4569579478616,2.0463630789890885e-11
2022-09-23,-1677.1035999890591,-1677.103599989056,-3.183231456205249e-12
2022-09-26,-758.6427502503502,-758.6427502503597,9.43600753089413e-12
2022-09-27,-42.2891919396352,-42.289191939646656,1.1453948900452815e-11
2022-09-28,2298.848090794898,2298.8480907948874,1.0459189070388675e-11
2022-09-29,-2106.0350597858487,-2106.035059785797,-5.184119800105691e-11
2022-09-30,-1557.2188269094622,-1557.2188269094743,1.2050804798491299e-11
2022-10-03,8989.167829000275,1751.8388584469615,7237.328970553313
2022-10-04,2862.1372233878064,2862.1372233877833,2.319211489520967e-11
2022-10-05,-23.135926517978078,-23.135926517956733,-2.134470378223341e-11
2022-10-06,-675.3016445369867,-675.3016445369856,-1.1368683772161603e-12
2022-10-07,-3288.999710533215,-3288.9997105332413,2.637534635141492e-11
2022-10-10,-933.9588416301704,-933.9588416301293,-4.1040948417503387e-11
2022-10-11,-1018.2747385854018,-1018.2747385854184,1.659827830735594e-11
2022-10-12,-72.74543828400783,-72.74543828403046,2.262368070660159e-11
2022-10-13,2635.199522218347,2635.1995222183605,-1.3642420526593924e-11
2022-10-14,-2028.1957097513368,-2028.195709751344,7.275957614183426e-12
2022-10-17,2996.3727896256314,2996.3727896256632,-3.183231456205249e-11
2022-10-18,674.9610515851818,674.9610515851435,3.83124643121846e-11
2022-10-19,354.0688537785609,354.06885377856395,-3.069544618483633e-12
2022-10-20,-686.7181407566532,-686.7181407566591,5.9117155615240335e-12
2022-10-21,2879.6376916163717,2879.6376916164004,-2.864908310584724e-11
2022-10-24,1018.7105634125764,1018.710563412559,1.7394086171407253e-11
2022-10-25,1570.2597792214074,1570.2597792214265,-1.9099388737231493e-11
2022-10-26,-613.1750671202026,-613.1750671202235,2.091837814077735e-11
2022-10-27,-1668.6459371558158,-1668.6459371558112,-4.547473508864641e-12
2022-10-28,2040.922544142144,2040.9225441421347,9.322320693172514e-12
2022-10-31,-1074.5732990487595,-1074.5732990487654,5.9117155615240335e-12
2022-11-01,-7435.589891349984,-655.2054678355578,-6780.384423514426
2022-11-02,-2720.1901734548737,-2720.1901734548483,-2.546585164964199e-11
2022-11-03,-1073.3335343294893,-1073.3335343294775,-1.1823431123048067e-11
2022-11-04,1136.812857777666,1136.8128577776502,1.5916157281026244e-11
2022-11-07,1148.3775243790296,1148.3775243790483,-1.864464138634503e-11
2022-11-08,454.1383650302305,454.13836503023117,-6.821210263296962e-13
2022-11-09,-2088.897912954213,-2088.8979129542595,4.638422979041934e-11
2022-11-10,5675.789493741351,5675.789493741394,-4.274625098332763e-11
2022-11-11,1020.4756867399556,1020.4756867399614,-5.7980287238024175e-12
2022-11-14,-264.2151448864897,-264.21514488651496,2.523847797419876e-11
2022-11-15,1070.7292932402052,1070.7292932402006,4.547473508864641e-12
2022-11-16,-903.4101409697323,-903.4101409697139,-1.8417267710901797e-11
2022-11-17,-421.560120310809,-421.5601203108271,1.807620719773695e-11
2022-11-18,159.4778558293474,159.4778558293478,-3.979039320256561e-13
2022-11-21,-959.6974093957106,-959.6974093956804,-3.012701199622825e-11
2022-11-22,1581.4211264692713,1581.4211264692747,-3.410605131648481e-12
2022-11-23,1070.3096994581283,1070.309699458077,5.1386450650170445e-11
2022-11-24,0.0,0.0,0.0
2022-11-25,-229.56341874675127,-229.56341874673208,-1.9184653865522705e-11
2022-11-28,-1333.3566403551376,-1333.3566403551506,1.2960299500264227e-11
2022-11-29,-427.1591802603216,-427.15918026033034,8.753886504564434e-12
2022-11-30,4197.556303128775,4197.556303128798,-2.3646862246096134e-11
2022-12-01,-6698.6332218582975,-180.13415956338412,-6518.4990622949135
2022-12-02,-77.21523426860222,-77.21523426862393,2.1714186004828662e-11
2022-12-05,-1672.387645024719,-1672.3876450246933,-2.5693225325085223e-11
2022-12-06,-1740.6567794557195,-1740.6567794557595,4.001776687800884e-11
2022-12-07,-179.87279349489836,-179.87279349488136,-1.6996182239381596e-11
2022-12-08,902.258766764251,902.2587667642515,-4.547473508864641e-13
2022-12-09,-216.11040315259015,-216.11040315255872,-3.143441063002683e-11
2022-12-12,1054.1213839180127,1054.1213839179911,2.1600499167107046e-11
2022-12-13,598.8307423981314,598.8307423981091,2.2282620193436742e-11
2022-12-14,-348.80791655075154,-348.8079165507289,-2.262368070660159e-11
2022-12-15,-2803.600981885713,-2803.600981885735,2.2282620193436742e-11
2022-12-16,-718.2695773793093,-718.2695773792956,-1.375610736431554e-11
2022-12-19,-886.9485419171106,-886.9485419171036,-6.934897101018578e-12
2022-12-20,-109.87553974130424,-109.8755397413196,1.5361933947133366e-11
2022-12-21,1442.986738696025,1442.9867386960348,-9.777068044058979e-12
2022-12-22,-1674.2831189189164,-1674.283118918897,-1.9554136088117957e-11
2022-12-23,418.42915550849284,418.4291555084802,1.261923898709938e-11
2022-12-26,0.0,0.0,0.0
2022-12-27,-1100.1886384535173,-1100.1886384535005,-1.6825651982799172e-11
2022-12-28,-852.9122029833379,-852.912202983366,2.808064891723916e-11
2022-12-29,1849.661237615801,1849.661237615769,3.183231456205249e-11
2022-12-30,43.80135899435845,43.80135899440734,-4.888534022029489e-11
2023-01-02,6171.174148894817,0.0,6171.174148894817
2023-01-03,-829.5765271233977,-829.5765271233936,-4.092726157978177e-12
2023-01-04,882.7098430630576,882.7098430630824,-2.4783730623312294e-11
2023-01-05,-1173.3743785172119,-1173.374378517226,1.4097167877480388e-11
2023-01-06,2579.4184627603972,2579.4184627603713,2.5920599000528455e-11
2023-01-09,-82.13181639593677,-82.1318163959395,2.7284841053187847e-12
2023-01-10,760.8402183362632,760.8402183362579,5.343281372915953e-12
2023-01-11,1311.8319629938924,1311.831962993915,-2.2737367544323206e-11
2023-01-12,363.96381775446935,363.9638177544482,2.114575181622058e-11
2023-01-13,502.87876634226996,502.87876634228513,-1.517719283583574e-11
2023-01-16,0.0,0.0,0.0
2023-01-17,70.45916665435652,70.45916665437335,-1.6825651982799172e-11
2023-01-18,-1606.6889638953144,-1606.688963895312,-2.2737367544323206e-12
2023-01-19,-761.7892401159042,-761.7892401159334,2.9103830456733704e-11
2023-01-20,2492.0509482669586,2492.0509482669604,-1.8189894035458565e-12
2023-01-23,1720.875699138851,1720.8756991388498,1.1368683772161603e-12
2023-01-24,238.60518104265793,238.60518104266458,-6.650680006714538e-12
2023-01-25,44.3072023759014,44.30720237593708,-3.568345618987223e-11
2023-01-26,1725.3616929095297,1725.3616929095117,1.7962520360015333e-11
2023-01-27,1145.096689526894,1145.096689526892,1.8189894035458565e-12
2023-01-30,-2180.830762376776,-2180.830762376807,3.092281986027956e-11
2023-01-31,1554.4474201704725,1554.4474201705025,-3.001332515850663e-11
2023-02-01,-7503.724802011391,1334.730580900034,-8838.455382911425
2023-02-02,2192.411651921313,2192.4116519213244,-1.1368683772161603e-11
2023-02-03,-760.4822316225036,-760.4822316225044,7.958078640513122e-13
2023-02-06,-264.1955639377702,-264.1955639377683,-1.8758328224066645e-12
2023-02-07,1541.1647522417188,1541.1647522416968,2.205524651799351e-11
2023-02-08,-1150.7153568641806,-1150.7153568641625,-1.8189894035458565e-11
2023-02-09,-529.1555486796715,-529.1555486796692,-2.2737367544323206e-12
2023-02-10,-534.7871442778851,-534.7871442779104,2.5352164811920375e-11
2023-02-13,1250.1574404167186,1250.1574404167282,-9.549694368615746e-12
2023-02-14,483.404764684994,483.4047646850004,-6.366462912410498e-12
2023-02-15,-9.448422491725069,-9.448422491722198,-2.8705926524708048e-12
2023-02-16,-1901.5674894831027,-1901.5674894831118,9.094947017729282e-12
2023-02-17,-167.98765199928312,-167.9876519992447,-3.842615114990622e-11
2023-02-20,0.0,0.0,0.0
2023-02-21,-1797.428637791163,-1797.4286377911844,2.1373125491663814e-11
2023-02-22,-138.63581536718993,-138.6358153672273,3.737454790098127e-11
2023-02-23,857.1915481648175,857.1915481648143,3.183231456205249e-12
2023-02-24,-1104.8977880412422,-1104.8977880412178,-2.432898327242583e-11
2023-02-27,621.9699804670818,621.9699804670826,-7.958078640513122e-13
2023-02-28,-190.88010700518498,-190.88010700516642,-1.8559376258053817e-11
2023-03-01,-439.86542525686673,-629.0164640210941,189.15103876422734
2023-03-02,325.27036260819295,325.27036260819983,-6.87805368215777e-12
2023-03-03,1922.6074275284482,1922.6074275284623,-1.4097167877480388e-11
2023-03-06,267.05690345648327,267.0569034564757,7.560174708487466e-12
2023-03-07,-1458.6373402248428,-1458.6373402248516,8.86757334228605e-12
2023-03-08,-18.974902629386634,-18.97490262937716,-9.475087381360936e-12
2023-03-09,-1791.1743054992985,-1791.1743054992753,-2.319211489520967e-11
2023-03-10,-810.5581175456755,-810.5581175457371,6.161826604511589e-11
2023-03-13,500.04014198930236,500.0401419893382,-3.586819730116986e-11
2023-03-14,2136.920842119056,2136.9208421190638,-7.73070496506989e-12
2023-03-15,-71.7919146437489,-71.7919146437843,3.539923909556819e-11
2023-03-16,1791.1421857590904,1791.14218575909,4.547473508864641e-13
2023-03-17,-873.8342860099219,-873.8342860099066,-1.5347723092418164e-11
2023-03-20,810.0708995238238,810.0708995238152,8.526512829121202e-12
2023-03-21,1445.536354951968,1445.536354951992,-2.4101609596982598e-11
2023-03-22,-1315.6480972087302,-1315.6480972087336,3.410605131648481e-12
2023-03-23,1078.502485074132,1078.502485074148,-1.5916157281026244e-11
2023-03-24,388.1471555631724,388.1471555631291,4.331468517193571e-11
2023-03-27,-183.5438503717305,-183.54385037171522,-1.5290879673557356e-11
2023-03-28,-479.4639202275721,-479.463920227557,-1.5063505998114124e-11
2023-03-29,1172.8959071020363,1172.8959071020345,1.8189894035458565e-12
2023-03-30,665.9576486044971,665.9576486045119,-1.4779288903810084e-11
2023-03-31,1566.9991638409556,1566.9991638409444,1.1141310096718371e-11
2023-04-03,-5827.7454221276275,690.758857611526,-6518.504279739153
2023-04-04,-204.9356471504725,-204.9356471504774,4.888534022029489e-12
2023-04-05,-50.27522802550811,-50.27522802549126,-1.6854073692229576e-11
2023-04-06,332.33737179858144,332.3373717986046,-2.3135271476348862e-11
2023-04-07,0.0,0.0,0.0
2023-04-10,-127.80508176225703,-127.80508176226886,1.1823431123048067e-11
2023-04-11,-170.13318868089118,-170.13318868092026,2.90754087473033e-11
2023-04-12,-570.3753525807697,-570.3753525807226,-4.7066350816749036e-11
2023-04-13,1803.0541613057721,1803.0541613057476,2.4556356947869062e-11
2023-04-14,97.92697106307605,97.92697106307949,-3.439026841078885e-12
2023-04-17,-127.4970210926549,-127.49702109266399,9.08073616301408e-12
2023-04-18,-15.093228664976778,-15.093228664965693,-1.1084466677857563e-11
2023-04-19,-265.8023194564157,-265.8023194564674,5.1670667744474486e-11
2023-04-20,-409.3135206850129,-409.3135206849607,-5.2239101933082566e-11
2023-04-21,475.89624644536525,475.8962464453533,1.1937117960769683e-11
2023-04-24,149.90703574891086,149.9070357489269,-1.602984411874786e-11
2023-04-25,-1251.7023358589795,-1251.7023358589913,1.1823431123048067e-11
2023-04-26,-404.44389902381226,-404.44389902382056,8.29913915367797e-12
2023-04-27,2031.2620312127983,2031.2620312128229,-2.4556356947869062e-11
2023-04-28,731.5852850416559,731.5852850416355,2.034994395216927e-11
2023-05-01,-2673.763027245819,121.58811000013776,-2795.351137245957
2023-05-02,-1157.2721913042187,-1157.272191304218,-6.821210263296962e-13
2023-05-03,-287.424879894621,-287.42487989464587,2.489741746103391e-11
2023-05-04,-491.7762566067686,-491.77625660675875,-9.833911462919787e-12
2023-05-05,1766.0029590136546,1766.0029590136596,-5.002220859751105e-12
2023-05-08,413.09883086764603,413.09883086764575,2.8421709430404007e-13
2023-05-09,-527.9473796625971,-527.9473796626041,7.048583938740194e-12
2023-05-10,609.5729058972502,609.5729058972547,-4.547473508864641e-12
2023-05-11,446.3128638000344,446.31286380006503,-3.063860276597552e-11
2023-05-12,-339.55893953639315,-339.55893953643636,4.320099833421409e-11
2023-05-15,122.51352461095667,122.51352461097838,-2.1714186004828662e-11
2023-05-16,-142.21052284917096,-142.2105228491796,8.640199666842818e-12
2023-05-17,1348.5724606302101,1348.572460630233,-2.2964741219766438e-11
2023-05-18,1513.4835050508846,1513.4835050508734,1.1141310096718371e-11
2023-05-19,-94.19008511095308,-94.19008511090794,-4.5133674575481564e-11
2023-05-22,-195.9181529917114,-195.91815299174158,3.0183855415089056e-11
2023-05-23,-1245.9954609855486,-1245.9954609855959,4.729372449219227e-11
2023-05-24,-211.19082995562349,-211.1908299555704,-5.3091753215994686e-11
2023-05-25,1803.2883127615787,1803.2883127615373,4.1382008930668235e-11
2023-05-26,2367.3359504800173,2367.3359504800474,-3.001332515850663e-11
2023-05-29,0.0,0.0,0.0
2023-05-30,395.2412894995068,395.24128949948454,2.2282620193436742e-11
2023-05-31,-355.9102072574897,-355.91020725746455,-2.5124791136477143e-11
2023-06-01,-4815.219958232541,1122.3958482242354,-5937.615806456776
2023-06-02,1184.8699599349347,1184.8699599349443,-9.549694368615746e-12
2023-06-05,0.8514865728502627,0.8514865728408552,9.407585821463726e-12
2023-06-06,-10.920408510835841,-10.920408510844666,8.824940778140444e-12
2023-06-07,-904.1638711902488,-904.1638711902426,-6.139089236967266e-12
2023-06-08,1122.1308678094938,1122.1308678094833,1.0459189070388675e-11
2023-06-09,431.48018401360605,431.4801840136172,-1.1141310096718371e-11
2023-06-12,1058.1108895324287,1058.1108895324378,-9.094947017729282e-12
2023-06-13,577.4454240424966,577.4454240424725,2.4101609596982598e-11
2023-06-14,284.72989195390255,284.72989195391744,-1.48929757415317e-11
2023-06-15,981.9265147575643,981.9265147575529,1.1368683772161603e-11
2023-06-16,-476.3735148416308,-476.3735148416405,9.663381206337363e-12
2023-06-19,0.0,0.0,0.0
2023-06-20,332.55664454607177,332.55664454610854,-3.6777692002942786e-11
2023-06-21,-826.9899677321955,-826.9899677322228,2.7284841053187847e-11
2023-06-22,731.7570068779169,731.7570068779095,7.389644451905042e-12
2023-06-23,-634.0009695448971,-634.0009695448992,2.1600499167107046e-12
2023-06-26,-1416.2249442100874,-1416.2249442100815,-5.9117155615240335e-12
2023-06-27,1264.6452402477735,1264.6452402477971,-2.3646862246096134e-11
2023-06-28,144.64782592334086,144.64782592331522,2.5636381906224415e-11
2023-06-29,537.4330761753372,537.4330761753547,-1.750777300912887e-11
2023-06-30,1552.6148047533643,1552.614804753359,5.229594535194337e-12
2023-07-03,-6844.849120950414,294.07286838501705,-7138.921989335431
2023-07-04,0.0,0.0,0.0
2023-07-05,195.08341870148433,195.0834187014788,5.5422333389287814e-12
2023-07-06,-822.0240855401498,-822.0240855401528,2.9558577807620168e-12
2023-07-07,-703.4418972043786,-703.4418972043568,-2.1827872842550278e-11
2023-07-10,-8.89534527430078,-8.895345274352708,5.192823948618752e-11
2023-07-11,349.0434918377432,349.0434918377679,-2.467004378559068e-11
2023-07-12,862.0195766972029,862.0195766971976,5.229594535194337e-12
2023-07-13,761.4562408131897,761.4562408131723,1.7394086171407253e-11
2023-07-14,483.7709612114704,483.7709612114887,-1.830358087318018e-11
2023-07-17,717.9334053568891,717.9334053568865,2.6147972675971687e-12
2023-07-18,735.6565992608957,735.6565992608909,4.888534022029489e-12
2023-07-19,151.0770377749286,151.07703777496843,-3.9818814911996014e-11
2023-07-20,-1189.489773549285,-1189.4897735493164,3.1377567211166024e-11
2023-07-21,-284.5492996390094,-284.54929963900094,-8.469669410260394e-12
2023-07-24,679.6888185467396,679.68881854673,9.663381206337363e-12
2023-07-25,196.051092870126,196.05109287013013,-4.121147867408581e-12
2023-07-26,-105.89157018551487,-105.89157018551627,1.4068746168049984e-12
2023-07-27,-148.56509245943744,-148.56509245943008,-7.361222742474638e-12
2023-07-28,1418.222166790947,1418.222166790936,1.1141310096718371e-11
2023-07-31,59.38239612983307,59.382396129837474,-4.405364961712621e-12
2023-08-01,-3860.2645166811417,-139.66350615680827,-3720.6010105243336
2023-08-02,-1402.7775115380646,-1402.7775115380277,-3.6834535421803594e-11
2023-08-03,284.9527832326421,284.9527832326341,8.01492205937393e-12
2023-08-04,-243.12128783433582,-243.12128783430643,-2.9388047551037744e-11
2023-08-07,1238.1241270701867,1238.1241270701623,2.432898327242583e-11
2023-08-08,168.45359827840002,168.45359827837842,2.1600499167107046e-11
2023-08-09,-966.1318566819536,-966.1318566819288,-2.489741746103391e-11
2023-08-10,52.518830113171134,52.51883011317816,-7.027267656667391e-12
2023-08-11,-151.91097766917665,-151.9109776692015,2.4840574042173102e-11
2023-08-14,946.7687727611046,946.7687727611138,-9.208633855450898e-12
2023-08-15,-1015.9258880477282,-1015.9258880477068,-2.1373125491663814e-11
2023-08-16,-859.5431388819125,-859.5431388819036,-8.86757334228605e-12
2023-08-17,-912.5048482497223,-912.5048482497209,-1.3642420526593924e-12
2023-08-18,-24.020157386898063,-24.02015738691488,1.681854655544157e-11
2023-08-21,1065.4714441222313,1065.47144412221,2.1373125491663814e-11
2023-08-22,-299.9372287376609,-299.93722873760987,-5.10453901370056e-11
2023-08-23,996.73746083281,996.7374608327871,2.2964741219766438e-11
2023-08-24,-1353.0089863564353,-1353.008986356411,-2.432898327242583e-11
2023-08-25,652.363775128324,652.3637751282869,3.717559593496844e-11
2023-08-28,476.66586924289004,476.66586924288913,9.094947017729282e-13
2023-08-29,1586.8297003502666,1586.829700350257,9.549694368615746e-12
2023-08-30,261.12724806310143,261.1272480631417,-4.0245140553452075e-11
2023-08-31,115.23271707864478,115.232717078641,3.780087354243733e-12
2023-09-01,-817.3927752962627,-260.69183656315454,-556.7009387331082
2023-09-04,0.0,0.0,0.0
2023-09-05,182.07630112124025,182.07630112128487,-4.462208380573429e-11
2023-09-06,-612.2699166233942,-612.2699166234211,2.6830093702301383e-11
2023-09-07,130.21966959210113,130.21966959210266,-1.5347723092418164e-12
2023-09-08,196.34591419194476,196.3459141919572,-1.2448708730516955e-11
2023-09-11,1181.1715030840132,1181.1715030839925,2.0691004465334117e-11
2023-09-12,-513.9798681859393,-513.979868185912,-2.7284841053187847e-11
2023-09-13,249.85992477697437,249.8599247769376,3.6777692002942786e-11
2023-09-14,498.02988244456355,498.0298824446107,-4.7123194235609844e-11
2023-09-15,-1320.7920819322462,-1320.7920819322662,2.000888343900442e-11
2023-09-18,221.30452476261416,221.30452476256892,4.524736141320318e-11
2023-09-19,-160.59385599324014,-160.59385599322408,-1.6058265828178264e-11
2023-09-20,-1046.8213811423047,-1046.8213811423113,6.59383658785373e-12
2023-09-21,-1445.4530784591916,-1445.4530784591695,-2.205524651799351e-11
2023-09-22,-175.82358071411727,-175.8235807141337,1.6427748050773516e-11
2023-09-25,518.5966972635069,518.5966972635368,-2.9899638320785016e-11
2023-09-26,-1200.7626998751948,-1200.762699875188,-6.821210263296962e-12
2023-09-27,90.817637254484,90.81763725447762,6.3806737671257e-12
2023-09-28,532.1539501254447,532.1539501254354,9.322320693172514e-12
2023-09-29,-560.0736013695132,-560.0736013695429,2.9672264645341784e-11
2023-10-02,4109.393013800931,692.7071175595297,3416.685896241401
2023-10-03,-1366.4475685374055,-1366.4475685373966,-8.86757334228605e-12
2023-10-04,885.7769362875842,885.776936287581,3.296918293926865e-12
2023-10-05,27.475895483366912,27.475895483355977,1.0935252703347942e-11
2023-10-06,1259.564137818059,1259.5641378180592,-2.2737367544323206e-13
2023-10-09,423.59932536413544,423.59932536413146,3.979039320256561e-12
2023-10-10,317.11400317476364,317.11400317474676,1.688249540165998e-11
2023-10-11,461.2765805798408,461.2765805798849,-4.411049303598702e-11
2023-10-12,-35.49146955271135,-35.491469552712104,7.531752999057062e-13
2023-10-13,-538.926285491616,-538.9262854916117,-4.320099833421409e-12
2023-10-16,907.689477034437,907.6894770344106,2.637534635141492e-11
2023-10-17,-401.6470141232712,-401.6470141232393,-3.1946001399774104e-11
2023-10-18,-1148.6956907839922,-1148.6956907840213,2.9103830456733704e-11
2023-10-19,-563.9539841666992,-563.9539841666832,-1.602984411874786e-11
2023-10-20,-1178.893435161328,-1178.8934351613602,3.228706191293895e-11
2023-10-23,130.4038364593289,130.4038364593688,-3.9904080040287226e-11
2023-10-24,910.3525242790929,910.3525242790812,1.1709744285326451e-11
2023-10-25,-1428.4165740561439,-1428.416574056148,4.092726157978177e-12
2023-10-26,-1971.70622875361,-1971.7062287536266,1.659827830735594e-11
2023-10-27,-357.8134571980336,-357.81345719803676,3.183231456205249e-12
2023-10-30,1361.2737936000922,1361.2737936001065,-1.432454155292362e-11
2023-10-31,221.0339836520434,221.03398365203458,8.810729923425242e-12
2023-11-01,2566.312423152791,1252.588326620256,1313.7240965325348
2023-11-02,1704.3712440576346,1704.3712440576617,-2.7057467377744615e-11
2023-11-03,454.163051394833,454.1630513948423,-9.265477274311706e-12
2023-11-06,577.9954677956121,577.9954677955579,5.411493475548923e-11
2023-11-07,579.2017831651901,579.2017831651958,-5.6843418860808015e-12
2023-11-08,315.2505042614939,315.2505042615198,-2.5863755581667647e-11
2023-11-09,-966.4317467506044,-966.4317467506283,2.3987922759260982e-11
2023-11-10,1828.3296492231602,1828.3296492231696,-9.322320693172514e-12
2023-11-13,235.63388579629827,235.63388579628034,1.793409865058493e-11
2023-11-14,1347.0340843840677,1347.034084384116,-4.843059286940843e-11
2023-11-15,8.317937780724606,8.317937780704362,2.0243362541805254e-11
2023-11-16,85.35312521451851,85.35312521452646,-7.94386778579792e-12
2023-11-17,160.51228016533423,160.51228016531553,1.8701484805205837e-11
2023-11-20,829.1856936957338,829.1856936957446,-1.0800249583553523e-11
2023-11-21,-37.59959604908363,-37.5995960490999,1.6271428648906294e-11
2023-11-22,172.26430592109682,172.26430592109108,5.7411853049416095e-12
2023-11-23,0.0,0.0,0.0
2023-11-24,72.88443392486079,72.88443392489299,-3.220179678464774e-11
2023-11-27,-345.35889468577807,-345.3588946858192,4.1154635255225e-11
2023-11-28,278.68490406122874,278.6849040612486,-1.9838353182421997e-11
2023-11-29,-525.4690872436622,-525.4690872436443,-1.7962520360015333e-11
2023-11-30,140.56681851457688,140.56681851454474,3.214495336578693e-11
2023-12-01,-8345.062785321643,-97.58461407416785,-8247.478171247474
2023-12-04,-748.2107352214807,-748.2107352214624,-1.830358087318018e-11
2023-12-05,198.81689325565821,198.8168932556742,-1.5973000699887052e-11
2023-12-06,-560.2235803703079,-560.223580370301,-6.934897101018578e-12
2023-12-07,954.5142268217751,954.5142268217296,4.547473508864641e-11
2023-12-08,537.4844419164001,537.4844419164017,-1.5916157281026244e-12
2023-12-11,187.9467848618806,187.9467848619247,-4.411049303598702e-11
2023-12-12,822.4028900693229,822.402890069288,3.490185918053612e-11
2023-12-13,1067.2648487372498,1067.2648487372549,-5.002220859751105e-12
2023-12-14,-417.3247719781939,-417.32477197820117,7.275957614183426e-12
2023-12-15,493.9017713830981,493.9017713831553,-5.718447937397286e-11
2023-12-18,1168.7243838005234,1168.7243838004783,4.501998773775995e-11
2023-12-19,445.38006788276834,445.3800678827575,1.0857093002414331e-11
2023-12-20,-1560.5179320772586,-1560.5179320772527,-5.9117155615240335e-12
2023-12-21,929.7454431160295,929.7454431160565,-2.7057467377744615e-11
2023-12-22,38.93678600457497,38.93678600455042,2.454925152051146e-11
2023-12-25,0.0,0.0,0.0
2023-12-26,350.1040185044403,350.10401850445874,-1.8417267710901797e-11
2023-12-27,167.48965752660297,167.48965752658563,1.7337242752546445e-11
2023-12-28,-167.87224192649592,-167.8722419264833,-1.261923898709938e-11
2023-12-29,-299.9745515665272,-299.9745515665241,-3.126388037344441e-12
2024-01-01,-3591.0037866659113,0.0,-3591.0037866659113
2024-01-02,-294.75071242277045,-294.75071242278636,1.5916157281026244e-11
2024-01-03,-197.3569528661319,-197.35695286610235,-2.955857780762017e-11
2024-01-04,-199.52544786647195,-199.52544786648957,1.7621459846850485e-11
2024-01-05,215.2796484984574,215.27964849846177,-4.376943252282217e-12
2024-01-08,1279.6270612461958,1279.62706124616,3.5697667044587433e-11
2024-01-09,126.02952423231909,126.029524232391,-7.190692485892214e-11
2024-01-10,724.0849312682985,724.0849312682499,4.865796654485166e-11
2024-01-11,97.56367142195813,97.56367142197901,-2.0875745576631743e-11
2024-01-12,6.65514567864011,6.655145678653845,-1.3734791082242737e-11
2024-01-15,0.0,0.0,0.0
2024-01-16,-461.69123038390535,-461.691230383934,2.864908310584724e-11
2024-01-17,-305.83382012002403,-305.8338201199756,-4.843059286940843e-11
2024-01-18,713.423052502214,713.4230525021521,6.184563972055912e-11
2024-01-19,1213.3846834690485,1213.3846834690664,-1.7962520360015333e-11
2024-01-22,179.4569288211933,179.45692882122833,-3.504396772768814e-11
2024-01-23,539.6665988283348,539.666598828308,2.6830093702301383e-11
2024-01-24,971.507158996712,971.5071589966839,2.808064891723916e-11
2024-01-25,-79.66205568436999,-79.66205568436034,-9.64917035162216e-12
2024-01-26,192.07754688194836,192.0775468819513,-2.9274360713316128e-12
2024-01-29,887.5265690470114,887.5265690470383,-2.6830093702301383e-11
2024-01-30,63.0538244995405,63.05382449951601,2.4485302674293052e-11
2024-01-31,-1429.7185663726123,-1429.7185663726016,-1.0686562745831907e-11
2024-02-01,-3211.0718972006,1109.725662474991,-4320.7975596755905
2024-02-02,1937.3065939119551,1937.3065939119783,-2.319211489520967e-11
2024-02-05,105.39403679280076,105.39403679277194,2.8819613362429664e-11
2024-02-06,205.20440890613827,205.20440890615183,-1.3557155398302712e-11
2024-02-07,1251.8204113524698,1251.8204113524407,2.9103830456733704e-11
2024-02-08,54.730937331856694,54.73093733187298,-1.6285639503621496e-11
2024-02-09,569.4072028487572,569.4072028487542,2.9558577807620168e-12
2024-02-12,-434.137886949582,-434.13788694957844,-3.581135388230905e-12
2024-02-13,-897.5371808326745,-897.537180832693,1.8530954548623413e-11
2024-02-14,1121.2732800520898,1121.273280052099,-9.094947017729282e-12
2024-02-15,953.0491608452576,953.0491608452528,4.774847184307873e-12
2024-02-16,-356.7853806167841,-356.785380616776,-8.071765478234738e-12
2024-02-19,0.0,0.0,0.0
2024-02-20,-1105.5613727958698,-1105.5613727958694,-4.547473508864641e-13
2024-02-21,170.89516207849374,170.8951620785205,-2.6773250283440575e-11
2024-02-22,2850.6305005144677,2850.63050051444,2.773958840407431e-11
2024-02-23,-126.897884245147,-126.89788424514575,-1.2505552149377763e-12
2024-02-26,-90.08511062682373,-90.08511062681691,-6.821210263296962e-12
2024-02-27,-55.333790944336215,-55.333790944329394,-6.821210263296962e-12
2024-02-28,-258.74843005338334,-258.7484300533969,1.3528733688872308e-11
2024-02-29,253.4641201243503,253.4641201243458,4.490630090003833e-12
2024-03-01,-6187.417613453057,1150.3968267159487,-7337.814440169006
2024-03-04,-760.7506876235711,-760.7506876235261,-4.501998773775995e-11
2024-03-05,-1053.58077311932,-1053.5807731193536,3.3651303965598345e-11
2024-03-06,366.6167081221647,366.61670812217136,-6.650680006714538e-12
2024-03-07,1073.7938341636327,1073.7938341636511,-1.8417267710901797e-11
2024-03-08,-1309.8924798868247,-1309.892479886828,3.183231456205249e-12
2024-03-11,-304.4575924568926,-304.4575924569074,1.4779288903810084e-11
2024-03-12,1365.2963311619824,1365.2963311619976,-1.5234036254696548e-11
2024-03-13,-318.94927279336844,-318.9492727933747,6.252776074688882e-12
2024-03-14,20.269380790210562,20.269380790203286,7.275957614183426e-12
2024-03-15,-740.0678923406813,-740.0678923406765,-4.774847184307873e-12
2024-03-18,1001.083501470508,1001.0835014705133,-5.229594535194337e-12
2024-03-19,508.1716529027326,508.1716529027081,2.4499513529008254e-11
2024-03-20,848.4570384446706,848.4570384446943,-2.3646862246096134e-11
2024-03-21,153.34485429365304,153.34485429364256,1.0487610779819079e-11
2024-03-22,13.70840646972647,13.708406469734477,-8.007816632016329e-12
2024-03-25,-299.7804426411749,-299.7804426412009,2.603428583825007e-11
2024-03-26,-102.20322825113544,-102.20322825111988,-1.5560885913146194e-11
2024-03-27,260.1300928632554,260.1300928632488,6.59383658785373e-12
2024-03-28,-16.018642692914,-16.01864269291292,-1.0800249583553523e-12
2024-03-29,0.0,0.0,0.0
2024-04-01,-1963.4100018391619,-27.842386246537288,-1935.5676155926246
2024-04-02,-647.6643778098223,-647.6643778098266,4.320099833421409e-12
2024-04-03,84.07734911577427,84.07734911578007,-5.7980287238024175e-12
2024-04-04,-1243.9674615514814,-1243.9674615514648,-1.659827830735594e-11
2024-04-05,1172.2740184066934,1172.2740184066752,1.8189894035458565e-11
2024-04-08,-40.230893103347626,-40.23089310335507,7.44648787076585e-12
2024-04-09,-78.63825898210052,-78.6382589821025,1.9753088054130785e-12
2024-04-10,-407.459298376285,-407.4592983762723,-1.2732925824820995e-11
2024-04-11,880.6404723605665,880.6404723605689,-2.3874235921539366e-12
2024-04-12,-1416.7540618492349,-1416.7540618492203,-1.4551915228366852e-11
2024-04-15,-1360.1546606995398,-1360.1546606995544,1.4551915228366852e-11
2024-04-16,-4.4479224074748345,-4.447922407474039,-7.958078640513122e-13
2024-04-17,-357.2997883509379,-357.29978835094096,3.069544618483633e-12
2024-04-18,-203.74076584342401,-203.74076584342504,1.0231815394945443e-12
2024-04-19,-1410.289955983957,-1410.2899559839684,1.1368683772161603e-11
2024-04-22,645.2940280580951,645.2940280580848,1.0345502232667059e-11
2024-04-23,1242.4841999244236,1242.4841999244484,-2.4783730623312294e-11
2024-04-24,75.64029042143375,75.64029042142062,1.3130829756846651e-11
2024-04-25,-254.52617347225896,-254.52617347227417,1.5205614545266144e-11
2024-04-26,817.6437997737085,817.6437997737233,-1.48929757415317e-11
2024-04-29,473.95380225556437,473.95380225555726,7.105427357601002e-12
2024-04-30,-1176.3556671268016,-1176.355667126785,-1.659827830735594e-11
2024-05-01,2944.71965635175,-212.64405513520643,3157.3637114869566
2024-05-02,670.8025543478143,670.8025543478258,-1.1482370609883219e-11
2024-05-03,1094.8942154003598,1094.8942154003805,-2.0691004465334117e-11
2024-05-06,1358.6889034393826,1358.6889034393366,4.5929482439532876e-11
2024-05-07,239.64079659426352,239.64079659427793,-1.4409806681214832e-11
2024-05-08,30.289231118251337,30.28923111826402,-1.2683187833317788e-11
2024-05-09,333.3950949908176,333.395094990813,4.604316927725449e-12
2024-05-10,148.4330727106426,148.4330727106203,2.2282620193436742e-11
2024-05-13,60.191213322628755,60.191213322652054,-2.3298696305573685e-11
2024-05-14,573.2668451492209,573.2668451492319,-1.1027623258996755e-11
2024-05-15,1163.21932234813,1163.2193223481224,7.503331289626658e-12
2024-05-16,-188.8840175564692,-188.88401755648493,1.574562702444382e-11
2024-05-17,369.5913168931438,369.59131689309726,4.6554760047001764e-11
2024-05-20,-184.43844047159655,-184.43844047150907,-8.748202162678353e-11
2024-05-21,684.3216781280353,684.3216781279963,3.89945853385143e-11
2024-05-22,-571.9680055203498,-571.9680055203354,-1.4438228390645236e-11
2024-05-23,-619.8988819657534,-619.8988819657629,9.549694368615746e-12
2024-05-24,736.3391227894172,736.3391227894314,-1.4210854715202004e-11
2024-05-27,0.0,0.0,0.0
2024-05-28,124.88117662642617,124.8811766263842,4.196465397399152e-11
2024-05-29,-505.6349088566203,-505.6349088565849,-3.5413449950283393e-11
2024-05-30,-468.6808015302231,-468.6808015302212,-1.9326762412674725e-12
2024-05-31,461.84692355873995,461.84692355873784,2.1032064978498966e-12
2024-06-03,-5147.869509430602,229.78284695045267,-5377.652356381055
2024-06-04,261.5672221441055,261.56722214410394,1.5347723092418164e-12
2024-06-05,1199.5280321977043,1199.5280321977184,-1.4097167877480388e-11
2024-06-06,419.89831638298347,419.8983163829861,-2.6147972675971687e-12
2024-06-07,-6.716359586105682,-6.716359586131148,2.546585164964199e-11
2024-06-10,321.91003644804005,321.9100364480418,-1.7621459846850485e-12
2024-06-11,226.13561593927443,226.1356159392971,-2.2680524125462398e-11
2024-06-12,344.94354407984065,344.9435440798049,3.575451046344824e-11
2024-06-13,1062.6196536364441,1062.6196536364655,-2.1373125491663814e-11
2024-06-14,367.12623194779735,367.1262319478009,-3.524291969370097e-12
2024-06-17,1007.146020960703,1007.146020960697,6.0254023992456496e-12
2024-06-18,69.41146635904443,69.41146635907707,-3.2642333280819e-11
2024-06-19,0.0,0.0,0.0
2024-06-20,-325.5960458686168,-325.5960458686102,-6.59383658785373e-12
2024-06-21,-492.60075697058346,-492.60075697059506,1.1596057447604835e-11
2024-06-24,-346.31692673647194,-346.31692673645455,-1.7394086171407253e-11
2024-06-25,612.2347943001951,612.2347943001794,1.5688783605583012e-11
2024-06-26,632.0882085913327,632.0882085913015,3.115019353572279e-11
2024-06-27,-77.2395941541763,-77.23959415416357,-1.2732925824820995e-11
2024-06-28,-332.19731301645515,-332.19731301645646,1.3073986337985843e-12
2024-07-01,-4632.226000178838,621.4989934266555,-5253.724993605494
2024-07-02,1056.163316748687,1056.1633167487043,-1.7280399333685637e-11
2024-07-03,717.8579524920206,717.8579524920439,-2.3305801732931286e-11
2024-07-04,0.0,0.0,0.0
2024-07-05,994.799280535779,994.7992805357403,3.865352482534945e-11
2024-07-08,-108.20296243403573,-108.20296243403321,-2.5153212845907547e-12
2024-07-09,472.26363278971985,472.26363278975066,-3.0809133022557944e-11
2024-07-10,570.4314381204313,570.4314381204365,-5.229594535194337e-12
2024-07-11,-1943.1448341119103,-1943.1448341118898,-2.0463630789890885e-11
2024-07-12,373.5618491375935,373.5618491375737,1.9838353182421997e-11
2024-07-15,600.3111750656099,600.3111750656038,6.0254023992456496e-12
2024-07-16,421.98733754150453,421.98733754148964,1.48929757415317e-11
2024-07-17,-859.4449521743518,-859.44495217435,-1.8189894035458565e-12
2024-07-18,-831.5472256182402,-831.5472256182344,-5.7980287238024175e-12
2024-07-19,-869.9845414275769,-869.9845414276033,2.637534635141492e-11
2024-07-22,1143.2883152060676,1143.2883152060695,-1.8189894035458565e-12
2024-07-23,-250.30970627148054,-250.30970627147752,-3.0127011996228248e-12
2024-07-24,-2690.0914019605552,-2690.09140196054,-1.5006662579253316e-11
2024-07-25,-408.26535801417776,-408.265358014197,1.921307557495311e-11
2024-07-26,874.1093507451296,874.1093507451621,-3.2514435588382185e-11
2024-07-29,115.30356453720015,115.30356453718821,1.1937117960769683e-11
2024-07-30,-575.432488246006,-575.4324882460229,1.693933882052079e-11
2024-07-31,1742.5740812686854,1742.5740812686934,-7.958078640513122e-12
2024-08-01,-2090.4926565835776,-842.7658392267998,-1247.7268173567777
2024-08-02,-1168.933668903337,-1168.9336689033444,7.275957614183426e-12
2024-08-05,-3041.2100934273913,-3041.2100934274135,2.2282620193436742e-11
2024-08-06,974.5719581532467,974.5719581532778,-3.115019353572279e-11
2024-08-07,-577.2101401862747,-577.2101401862953,2.0691004465334117e-11
2024-08-08,2453.8426481162314,2453.842648116245,-1.3642420526593924e-11
2024-08-09,776.5463287702296,776.546328770221,8.640199666842818e-12
2024-08-12,30.584711769159185,30.584711769173992,-1.4807710613240488e-11
2024-08-13,1581.8375648704532,1581.8375648704637,-1.0459189070388675e-11
2024-08-14,476.41432425478706,476.41432425476944,1.7621459846850485e-11
2024-08-15,1513.6535976084415,1513.653597608496,-5.4569682106375694e-11
2024-08-16,109.67493387576542,109.67493387571109,5.432809757621726e-11
2024-08-19,905.3847128223861,905.3847128223947,-8.640199666842818e-12
2024-08-20,63.271217536443146,63.27121753643859,4.554578936222242e-12
2024-08-21,158.96189382715966,158.96189382716392,-4.263256414560601e-12
2024-08-22,-836.212977235642,-836.2129772356195,-2.2509993868879974e-11
2024-08-23,869.295870244212,869.2958702441811,3.092281986027956e-11
2024-08-26,-282.02596193301724,-282.02596193303685,1.9610979506978765e-11
2024-08-27,157.306467900984,157.30646790101466,-3.0667024475405924e-11
2024-08-28,-760.852293832635,-760.8522938326829,4.786215868080035e-11
2024-08-29,142.61268897651462,142.6126889765459,-3.129230208287481e-11
2024-08-30,1231.0037560001365,1231.0037560001053,3.115019353572279e-11
2024-09-02,-4015.751699981047,0.0,-4015.751699981047
2024-09-03,-1612.8006401980529,-1612.8006401980426,-1.0231815394945443e-11
2024-09-04,120.47445691775647,120.47445691775329,3.183231456205249e-12
2024-09-05,-267.07566613762174,-267.0756661376243,2.5579538487363607e-12
2024-09-06,-2138.1795828781324,-2138.1795828781515,1.9099388737231493e-11
2024-09-09,1276.4639636070642,1276.4639636070756,-1.1368683772161603e-11
2024-09-10,413.6727975239046,413.6727975239128,-8.185452315956354e-12
2024-09-11,857.4893560811761,857.4893560812,-2.3874235921539366e-11
2024-09-12,906.2518363763229,906.251836376292,3.092281986027956e-11
2024-09-13,276.682799035334,276.6827990353529,-1.887201506178826e-11
2024-09-16,9.719783239910612,9.719783239891626,1.8985701899509877e-11
2024-09-17,39.07496484895819,39.07496484894108,1.7109869077103212e-11
2024-09-18,-439.3775741397985,-439.3775741397833,-1.5234036254696548e-11
2024-09-19,1520.4687958422,1520.4687958421903,9.777068044058979e-12
2024-09-20,-31.154148899193387,-31.154148899160674,-3.271338755439501e-11
2024-09-23,544.8650208678155,544.8650208677644,5.10453901370056e-11
2024-09-24,-34.357814386923565,-34.35781438688916,-3.440447926550405e-11
2024-09-25,-100.03788066288689,-100.03788066291158,2.468425464030588e-11
2024-09-26,-104.28876781126019,-104.28876781124737,-1.2818190953112207e-11
2024-09-27,-91.14020266081207,-91.14020266081258,5.115907697472721e-13
2024-09-30,471.97466046072077,471.974660460748,-2.722799763432704e-11
2024-10-01,-2346.3845718190423,-647.6584147925576,-1698.7261570264848
2024-10-02,31.90053458698094,31.900534586997708,-1.6768808563938364e-11
2024-10-03,-207.01037299615564,-207.01037299616928,1.3642420526593924e-11
2024-10-04,1108.8835660516925,1108.8835660516688,2.3646862246096134e-11
2024-10-07,-1127.6363328295702,-1127.6363328295492,-2.091837814077735e-11
2024-10-08,996.1413221476832,996.1413221476586,2.467004378559068e-11
2024-10-09,662.5339628506335,662.5339628506505,-1.693933882052079e-11
2024-10-10,-77.56389767304063,-77.5638976729984,-4.2234660213580355e-11
2024-10-11,78.19402377257938,78.19402377255602,2.3362645151792094e-11
2024-10-14,468.88133449989255,468.88133449985173,4.0813574742060155e-11
2024-10-15,-1034.1637135069468,-1034.1637135069147,-3.205968823749572e-11
2024-10-16,339.054865399783,339.0548653998002,-1.716671249596402e-11
2024-10-17,0.770659492991399,0.7706594929461161,4.5282888549991185e-11
2024-10-18,726.0204984981392,726.0204984981559,-1.6711965145077556e-11
2024-10-21,-77.08134708346915,-77.08134708346591,-3.240074875066057e-12
2024-10-22,185.21872851680382,185.21872851680376,5.684341886080802e-14
2024-10-23,-1060.5138409947685,-1060.5138409947542,-1.432454155292362e-11
2024-10-24,745.0081230354845,745.0081230354705,1.3983481039758772e-11
2024-10-25,165.99622893612832,165.9962289361556,-2.7284841053187847e-11
2024-10-28,158.09616333345184,158.09616333340253,4.931166586175095e-11
2024-10-29,251.73024369543418,251.7302436954659,-3.171862772433087e-11
2024-10-30,53.382122093607904,53.382122093617134,-9.229950137523701e-12
2024-10-31,-1785.450832149625,-1785.450832149655,3.001332515850663e-11
2024-11-01,344.0623485297547,378.7959734149062,-34.73362488515153
2024-11-04,-595.5278901846614,-595.5278901846395,-2.1827872842550278e-11
2024-11-05,1059.458324444393,1059.4583244443595,3.342393029015511e-11
2024-11-06,2943.5817392607278,2943.5817392607173,1.0459189070388675e-11
2024-11-07,963.0827703019313,963.0827703019404,-9.094947017729282e-12
2024-11-08,901.4922650805092,901.4922650805222,-1.2960299500264227e-11
2024-11-11,-204.82686699935584,-204.82686699937565,1.9809931472991593e-11
2024-11-12,-501.64194493056857,-501.64194493054276,-2.580691216280684e-11
2024-11-13,-47.000061750994064,-47.00006175100063,6.565414878423326e-12
2024-11-14,-924.3824287889584,-924.382428788956,-2.3874235921539366e-12
2024-11-15,-1187.6861862340302,-1187.686186234045,1.4779288903810084e-11
2024-11-18,713.28714574888,713.2871457489201,-4.013145371573046e-11
2024-11-19,528.5670036134543,528.567003613438,1.6257217794191092e-11
2024-11-20,64.90744113919209,64.90744113919719,-5.101696842757519e-12
2024-11-21,258.6037814425363,258.6037814425406,-4.320099833421409e-12
2024-11-22,399.6662202133448,399.66622021333535,9.43600753089413e-12
2024-11-25,-58.63369092415087,-58.633690924158685,7.815970093361102e-12
2024-11-26,811.7237968643312,811.7237968643088,2.2396307031158358e-11
2024-11-27,-285.306073730113,-285.30607373007297,-4.001776687800884e-11
2024-11-28,0.0,0.0,0.0
2024-11-29,746.5662078019814,746.5662078019424,3.89945853385143e-11
2024-12-02,-5355.042766728497,689.6847590548755,-6044.727525783372
2024-12-03,33.98492916749092,33.984929167469204,2.1714186004828662e-11
2024-12-04,370.56366198469186,370.5636619846869,4.945377440890297e-12
2024-12-05,-11.006512765015941,-11.006512764987676,-2.8265390028536785e-11
2024-12-06,705.4195452517306,705.419545251712,1.864464138634503e-11
2024-12-09,-634.5596786084352,-634.559678608437,1.8189894035458565e-12
2024-12-10,229.6624842802703,229.66248428029618,-2.589217729109805e-11
2024-12-11,1140.1811358582927,1140.181135858262,3.069544618483633e-11
2024-12-12,-788.7074179328629,-788.7074179328667,3.865352482534945e-12
2024-12-13,1235.154286001809,1235.154286001823,-1.4097167877480388e-11
2024-12-16,1084.911943554529,1084.9119435545274,1.5916157281026244e-12
2024-12-17,-155.02708781970432,-155.0270878197043,-2.842170943040401e-14
2024-12-18,-2981.9625547902833,-2981.962554790296,1.2732925824820995e-11
2024-12-19,-99.66102477486129,-99.66102477484189,-1.9397816686250735e-11
2024-12-20,650.8788615140948,650.8788615141021,-7.389644451905042e-12
2024-12-23,1243.7067806727719,1243.706780672745,2.6830093702301383e-11
2024-12-24,1474.9601620679605,1474.960162067969,-8.412825991399586e-12
2024-12-25,0.0,0.0,0.0
2024-12-26,-41.478519587544724,-41.47851958754065,-4.071409875905374e-12
2024-12-27,-1329.0816472346196,-1329.0816472346164,-3.183231456205249e-12
2024-12-30,-1273.1558464753907,-1273.1558464753618,-2.887645678129047e-11
2024-12-31,-538.8059063736,-538.8059063736723,7.23048287909478e-11
2025-01-01,-1085.6623530461802,0.0,-1085.6623530461802
2025-01-02,-321.8691536067927,-321.86915360679524,2.5579538487363607e-12
2025-01-03,1109.804107619886,1109.8041076198908,-4.774847184307873e-12
2025-01-06,334.63052032125415,334.6305203212458,8.355982572538778e-12
2025-01-07,-870.2963888832019,-870.2963888832146,1.2732925824820995e-11
2025-01-08,-20.873651129746577,-20.873651129738036,-8.540723683836404e-12
2025-01-09,0.0,0.0,0.0
2025-01-10,-1195.131019991968,-1195.131019991943,-2.5011104298755527e-11
2025-01-13,338.82822731204215,338.8282273120296,1.2562395568238571e-11
2025-01-14,-542.6425180129299,-542.6425180129319,1.9326762412674725e-12
2025-01-15,1842.783320076851,1842.7833200768446,6.366462912410498e-12
2025-01-16,-642.3860418593395,-642.3860418593194,-2.000888343900442e-11
2025-01-17,954.230887185462,954.2308871854237,3.83124643121846e-11
2025-01-20,0.0,0.0,0.0
2025-01-21,748.1865143010509,748.1865143010764,-2.546585164964199e-11
2025-01-22,698.9881117072655,698.9881117072644,1.1368683772161603e-12
2025-01-23,749.6536441602511,749.6536441602493,1.8189894035458565e-12
2025-01-24,-56.11526464117924,-56.115264641169624,-9.613643214834156e-12
2025-01-27,-648.3802986309165,-648.3802986309267,1.0231815394945443e-11
2025-01-28,653.1648254732427,653.1648254732497,-7.048583938740194e-12
2025-01-29,-261.1150675271929,-261.11506752717213,-2.0747847884194925e-11
2025-01-30,915.7309801468218,915.7309801468135,8.29913915367797e-12
2025-01-31,-81.1929810786387,-81.19298107864142,2.7284841053187847e-12
2025-02-03,-3963.8617505299335,-177.86299758770883,-3785.9987529422247
2025-02-04,1055.9596451901598,1055.9596451901416,1.8189894035458565e-11
2025-02-05,395.79298444953747,395.79298444955344,-1.5973000699887052e-11
2025-02-06,455.92129008908523,455.9212900890765,8.753886504564434e-12
2025-02-07,-968.8064794800594,-968.8064794800481,-1.1254996934439987e-11
2025-02-10,629.0840378492721,629.0840378492996,-2.751221472863108e-11
2025-02-11,-86.54206497996347,-86.5420649800163,5.283595783112105e-11
2025-02-12,-23.6049891236471,-23.604989123629764,-1.7337242752546445e-11
2025-02-13,1119.3840678180568,1119.3840678180277,2.9103830456733704e-11
2025-02-14,-391.6762526371167,-391.6762526370591,-5.758238330599852e-11
2025-02-17,0.0,0.0,0.0
2025-02-18,-241.76160098749097,-241.76160098753184,4.087041816092096e-11
2025-02-19,447.0629949180584,447.0629949180722,-1.3812950783176348e-11
2025-02-20,-587.7629599256034,-587.7629599255948,-8.526512829121202e-12
2025-02-21,-1472.5679830930312,-1472.5679830930426,1.1368683772161603e-11
2025-02-24,-457.83159783197334,-457.83159783196834,-5.002220859751105e-12
2025-02-25,-505.7961471945455,-505.7961471945415,-3.979039320256561e-12
2025-02-26,-54.12320649647154,-54.12320649645129,-2.0250467969162855e-11
2025-02-27,-1245.6714209863567,-1245.6714209863742,1.750777300912887e-11
2025-02-28,1744.152956023434,1744.1529560234385,-4.547473508864641e-12
2025-03-03,-1300.25643208361,-1586.9061560699788,286.6497239863688
2025-03-04,-1113.3920177842083,-1113.3920177841892,-1.9099388737231493e-11
2025-03-05,1066.4551304646302,1066.4551304646106,1.9554136088117957e-11
2025-03-06,-1954.8090772845899,-1954.8090772845924,2.5011104298755527e-12
2025-03-07,34.36484249623027,34.36484249622576,4.504840944719035e-12
2025-03-10,-2784.266497702454,-2784.266497702429,-2.5011104298755527e-11
2025-03-11,-194.75474802250392,-194.7547480225313,2.737010618147906e-11
2025-03-12,622.3167051360069,622.3167051360297,-2.2737367544323206e-11
2025-03-13,-1362.647542108316,-1362.6475421083214,5.4569682106375694e-12
2025-03-14,1788.114374734112,1788.114374734112,0.0
2025-03-17,359.93657985911705,359.9365798590985,1.8530954548623413e-11
2025-03-18,-1115.1893853247748,-1115.189385324759,-1.5688783605583012e-11
2025-03-19,1184.2768393649021,1184.2768393648807,2.1373125491663814e-11
2025-03-20,-97.70035241235746,-97.70035241231888,-3.858247055177344e-11
2025-03-21,477.19403920980403,477.1940392098088,-4.774847184307873e-12
2025-03-24,1698.299448824604,1698.2994488245993,4.774847184307873e-12
2025-03-25,202.2838491135044,202.2838491134611,4.331468517193571e-11
2025-03-26,-1197.634823371016,-1197.6348233710007,-1.5234036254696548e-11
2025-03-27,-89.01835033786483,-89.01835033784018,-2.4655832930875476e-11
2025-03-28,-1785.5567333558283,-1785.5567333558315,3.183231456205249e-12
2025-03-31,545.3942185798369,545.3942185798463,-9.43600753089413e-12
2025-04-01,5203.2617733789375,-19.97788261219334,5223.239655991131
2025-04-02,716.5382627494109,716.5382627493589,5.206857167650014e-11
2025-04-03,-3746.213153689576,-3746.21315368953,-4.5929482439532876e-11
2025-04-04,-5726.379739797994,-5726.379739798005,1.0913936421275139e-11
2025-04-07,18.962222818896407,18.962222818899747,-3.339550858072471e-12
2025-04-08,-847.223001888924,-847.2230018889012,-2.2851054382044822e-11
2025-04-09,8040.330280761758,8040.3302807617465,1.1823431123048067e-11
2025-04-10,-3153.253537236771,-3153.2535372368025,3.1377567211166024e-11
2025-04-11,1801.351325007272,1801.3513250072651,6.821210263296962e-12
2025-04-14,340.3714006622322,340.371400662287,-5.4797055781818926e-11
2025-04-15,-44.292716831725556,-44.292716831720966,-4.590106073010247e-12
2025-04-16,-2097.8366966260364,-2097.836696626084,4.774847184307873e-11
2025-04-17,-312.54488493624376,-312.54488493622796,-1.5802470443304628e-11
2025-04-18,0.0,0.0,0.0
2025-04-21,-2350.0442006590893,-2350.044200659077,-1.2278178473934531e-11
2025-04-22,2353.721999613743,2353.721999613772,-2.9103830456733704e-11
2025-04-23,1492.7579632654379,1492.7579632654106,2.7284841053187847e-11
2025-04-24,1808.300812887319,1808.300812887319,0.0
2025-04-25,1387.3728310945153,1387.3728310945091,6.139089236967266e-12
2025-04-28,127.72857312226552,127.72857312222587,3.964828465541359e-11
2025-04-29,470.5819539327349,470.5819539327925,-5.758238330599852e-11
2025-04-30,-61.63763118541101,-61.63763118544526,3.424815986363683e-11
2025-05-01,-114.24820137850475,164.36597907310914,-278.6141804516139
2025-05-02,1217.0694184430176,1217.069418442988,2.955857780762017e-11
2025-05-05,-631.4065146238427,-631.4065146238462,3.524291969370097e-12
2025-05-06,-964.3491238947026,-964.3491238946625,-4.013145371573046e-11
2025-05-07,347.17770435046987,347.1777043504519,1.7962520360015333e-11
2025-05-08,264.2617592755414,264.2617592755722,-3.0809133022557944e-11
2025-05-09,-8.13260276830988,-8.13260276834881,3.893063649229589e-11
2025-05-12,2977.303563459922,2977.3035634599437,-2.1827872842550278e-11
2025-05-13,89.83758167017368,89.83758167017402,-3.410605131648481e-13
2025-05-14,48.713634690095205,48.713634690049645,4.5560000216937624e-11
2025-05-15,57.94180906485417,57.941809064885774,-3.1604940886609256e-11
2025-05-16,811.5308041049575,811.5308041049487,8.753886504564434e-12
2025-05-19,302.42422331968555,302.4242233196781,7.44648787076585e-12
2025-05-20,-283.9316927776963,-283.9316927777003,3.979039320256561e-12
2025-05-21,0.0,0.0,0.0
2025-05-22,0.0,0.0,0.0
